supplemental:verification016: 1 test file(s), 185000ms verdict-silence window
supplemental:verification016: file lifecycle {"entryFile":"/Users/yuanxi/Workwork/vibe-fs/requirements/verification-system/tests/016.test.mjs","pid":13482,"parentPid":13430,"type":"runner:file-start","elapsedMs":43.315624999999955}
[verification-worker-cost] {"version":1,"phase":"pre-import","sequence":0,"entryFile":"/Users/yuanxi/Workwork/vibe-fs/requirements/verification-system/tests/016.test.mjs","pid":13483,"parentPid":13482,"monotonicMs":16.130917,"cpuUserMicros":21338,"cpuSystemMicros":4046}
[verification-test-start] {"pid":13483,"parentPid":13482,"entryFile":"/Users/yuanxi/Workwork/vibe-fs/requirements/verification-system/tests/016.test.mjs","name":"WHAT[verification-system-016] a real readonly mount protects original role paths and rejects foreign or expired view capabilities","fullName":"WHAT[verification-system-016] a real readonly mount protects original role paths and rejects foreign or expired view capabilities"}
[verification-test-start] {"pid":13483,"parentPid":13482,"entryFile":"/Users/yuanxi/Workwork/vibe-fs/requirements/verification-system/tests/016.test.mjs","name":"WHAT[verification-system-016] a paused actual Node consumer keeps four readonly namespaces intact through valid write add delete rename and new symlink attempts","fullName":"WHAT[verification-system-016] a paused actual Node consumer keeps four readonly namespaces intact through valid write add delete rename and new symlink attempts"}
[verification-tool-phase] {"phase":"monitor-spawned","pid":13483,"parentPid":13482,"at":1791440370203,"monitorPid":13568,"executable":"/private/tmp/node-v22.23.3-darwin-arm64/bin/node"}
[verification-tool-phase] {"phase":"tool-spawned","pid":13568,"parentPid":13483,"at":1791440370238,"toolPid":13569,"executable":"/private/tmp/node-v22.23.3-darwin-arm64/bin/node"}
[verification-tool-phase] {"phase":"tool-exited","pid":13568,"parentPid":13483,"at":1791440370330,"toolPid":13569,"exitCode":0,"signal":null}
[verification-tool-phase] {"phase":"group-drained","pid":13568,"parentPid":13483,"at":1791440370350,"toolPid":13569}
[verification-tool-phase] {"phase":"monitor-closed","pid":13483,"parentPid":13482,"at":1791440370352,"monitorPid":13568,"exitCode":0,"signal":null}
[verification-test-start] {"pid":13483,"parentPid":13482,"entryFile":"/Users/yuanxi/Workwork/vibe-fs/requirements/verification-system/tests/016.test.mjs","name":"WHAT[verification-system-016] an actual same UID nonforce detach makes a successful readonly consumer insufficient for scope success and preserves an independent foreign device","fullName":"WHAT[verification-system-016] an actual same UID nonforce detach makes a successful readonly consumer insufficient for scope success and preserves an independent foreign device"}
[verification-tool-phase] {"phase":"monitor-spawned","pid":13483,"parentPid":13482,"at":1791440396170,"monitorPid":13670,"executable":"/private/tmp/node-v22.23.3-darwin-arm64/bin/node"}
[verification-tool-phase] {"phase":"tool-spawned","pid":13670,"parentPid":13483,"at":1791440396198,"toolPid":13671,"executable":"/private/tmp/node-v22.23.3-darwin-arm64/bin/node"}
[verification-tool-phase] {"phase":"monitor-spawned","pid":13483,"parentPid":13482,"at":1791440396234,"monitorPid":13672,"executable":"/private/tmp/node-v22.23.3-darwin-arm64/bin/node"}
[verification-tool-phase] {"phase":"tool-spawned","pid":13672,"parentPid":13483,"at":1791440396264,"toolPid":13673,"executable":"/private/tmp/node-v22.23.3-darwin-arm64/bin/node"}
[verification-tool-phase] {"phase":"tool-exited","pid":13672,"parentPid":13483,"at":1791440396343,"toolPid":13673,"exitCode":0,"signal":null}
[verification-tool-phase] {"phase":"group-drained","pid":13672,"parentPid":13483,"at":1791440396360,"toolPid":13673}
[verification-tool-phase] {"phase":"monitor-closed","pid":13483,"parentPid":13482,"at":1791440396362,"monitorPid":13672,"exitCode":0,"signal":null}
[verification-tool-phase] {"phase":"tool-exited","pid":13670,"parentPid":13483,"at":1791440396388,"toolPid":13671,"exitCode":0,"signal":null}
[verification-tool-phase] {"phase":"group-drained","pid":13670,"parentPid":13483,"at":1791440396405,"toolPid":13671}
[verification-tool-phase] {"phase":"monitor-closed","pid":13483,"parentPid":13482,"at":1791440396406,"monitorPid":13670,"exitCode":0,"signal":null}
[verification-test-start] {"pid":13483,"parentPid":13482,"entryFile":"/Users/yuanxi/Workwork/vibe-fs/requirements/verification-system/tests/016.test.mjs","name":"WHAT[verification-system-016] an early Error action failure drains its actual Node consumer before readonly device recovery","fullName":"WHAT[verification-system-016] an early Error action failure drains its actual Node consumer before readonly device recovery"}
[verification-tool-phase] {"phase":"monitor-spawned","pid":13483,"parentPid":13482,"at":1791440409148,"monitorPid":13727,"executable":"/private/tmp/node-v22.23.3-darwin-arm64/bin/node"}
[verification-tool-phase] {"phase":"tool-spawned","pid":13727,"parentPid":13483,"at":1791440409177,"toolPid":13728,"executable":"/private/tmp/node-v22.23.3-darwin-arm64/bin/node"}
[verification-tool-phase] {"phase":"tool-exited","pid":13727,"parentPid":13483,"at":1791440409208,"toolPid":13728,"exitCode":null,"signal":"SIGKILL"}
[verification-tool-phase] {"phase":"group-drained","pid":13727,"parentPid":13483,"at":1791440409225,"toolPid":13728}
[verification-tool-phase] {"phase":"monitor-closed","pid":13483,"parentPid":13482,"at":1791440409227,"monitorPid":13727,"exitCode":0,"signal":null}
[verification-test-start] {"pid":13483,"parentPid":13482,"entryFile":"/Users/yuanxi/Workwork/vibe-fs/requirements/verification-system/tests/016.test.mjs","name":"WHAT[verification-system-016] actual readonly mount cleanup preserves Error operation failure and restores every original directory","fullName":"WHAT[verification-system-016] actual readonly mount cleanup preserves Error operation failure and restores every original directory"}
[verification-test-start] {"pid":13483,"parentPid":13482,"entryFile":"/Users/yuanxi/Workwork/vibe-fs/requirements/verification-system/tests/016.test.mjs","name":"WHAT[verification-system-016] cancellation of an attached readonly scope preserves Error and removes only its owned image","fullName":"WHAT[verification-system-016] cancellation of an attached readonly scope preserves Error and removes only its owned image"}
[verification-test-start] {"pid":13483,"parentPid":13482,"entryFile":"/Users/yuanxi/Workwork/vibe-fs/requirements/verification-system/tests/016.test.mjs","name":"WHAT[verification-system-016] an early null action failure drains its actual Node consumer before readonly device recovery","fullName":"WHAT[verification-system-016] an early null action failure drains its actual Node consumer before readonly device recovery"}
[verification-tool-phase] {"phase":"monitor-spawned","pid":13483,"parentPid":13482,"at":1791440448217,"monitorPid":13864,"executable":"/private/tmp/node-v22.23.3-darwin-arm64/bin/node"}
[verification-tool-phase] {"phase":"tool-spawned","pid":13864,"parentPid":13483,"at":1791440448252,"toolPid":13865,"executable":"/private/tmp/node-v22.23.3-darwin-arm64/bin/node"}
[verification-tool-phase] {"phase":"tool-exited","pid":13864,"parentPid":13483,"at":1791440448278,"toolPid":13865,"exitCode":null,"signal":"SIGKILL"}
[verification-tool-phase] {"phase":"group-drained","pid":13864,"parentPid":13483,"at":1791440448295,"toolPid":13865}
[verification-tool-phase] {"phase":"monitor-closed","pid":13483,"parentPid":13482,"at":1791440448296,"monitorPid":13864,"exitCode":0,"signal":null}
[verification-test-start] {"pid":13483,"parentPid":13482,"entryFile":"/Users/yuanxi/Workwork/vibe-fs/requirements/verification-system/tests/016.test.mjs","name":"WHAT[verification-system-016] actual readonly mount cleanup preserves null operation failure and restores every original directory","fullName":"WHAT[verification-system-016] actual readonly mount cleanup preserves null operation failure and restores every original directory"}
[verification-test-start] {"pid":13483,"parentPid":13482,"entryFile":"/Users/yuanxi/Workwork/vibe-fs/requirements/verification-system/tests/016.test.mjs","name":"WHAT[verification-system-016] cancellation of an attached readonly scope preserves null and removes only its owned image","fullName":"WHAT[verification-system-016] cancellation of an attached readonly scope preserves null and removes only its owned image"}
[verification-test-start] {"pid":13483,"parentPid":13482,"entryFile":"/Users/yuanxi/Workwork/vibe-fs/requirements/verification-system/tests/016.test.mjs","name":"WHAT[verification-system-016] a successful action omitting await drains and rejects its actual Node consumer before readonly device recovery","fullName":"WHAT[verification-system-016] a successful action omitting await drains and rejects its actual Node consumer before readonly device recovery"}
[verification-tool-phase] {"phase":"monitor-spawned","pid":13483,"parentPid":13482,"at":1791440486205,"monitorPid":14005,"executable":"/private/tmp/node-v22.23.3-darwin-arm64/bin/node"}
[verification-tool-phase] {"phase":"tool-spawned","pid":14005,"parentPid":13483,"at":1791440486240,"toolPid":14006,"executable":"/private/tmp/node-v22.23.3-darwin-arm64/bin/node"}
[verification-tool-phase] {"phase":"tool-exited","pid":14005,"parentPid":13483,"at":1791440486277,"toolPid":14006,"exitCode":null,"signal":"SIGKILL"}
[verification-tool-phase] {"phase":"group-drained","pid":14005,"parentPid":13483,"at":1791440486293,"toolPid":14006}
[verification-tool-phase] {"phase":"monitor-closed","pid":13483,"parentPid":13482,"at":1791440486294,"monitorPid":14005,"exitCode":0,"signal":null}
[verification-test-start] {"pid":13483,"parentPid":13482,"entryFile":"/Users/yuanxi/Workwork/vibe-fs/requirements/verification-system/tests/016.test.mjs","name":"WHAT[verification-system-016] a normal action return cannot conceal an independently failed actual readonly Node consumer","fullName":"WHAT[verification-system-016] a normal action return cannot conceal an independently failed actual readonly Node consumer"}
[verification-tool-phase] {"phase":"monitor-spawned","pid":13483,"parentPid":13482,"at":1791440500205,"monitorPid":14053,"executable":"/private/tmp/node-v22.23.3-darwin-arm64/bin/node"}
[verification-tool-phase] {"phase":"tool-spawned","pid":14053,"parentPid":13483,"at":1791440500240,"toolPid":14054,"executable":"/private/tmp/node-v22.23.3-darwin-arm64/bin/node"}
[verification-tool-phase] {"phase":"tool-exited","pid":14053,"parentPid":13483,"at":1791440500265,"toolPid":14054,"exitCode":73,"signal":null}
[verification-tool-phase] {"phase":"group-drained","pid":14053,"parentPid":13483,"at":1791440500281,"toolPid":14054}
[verification-tool-phase] {"phase":"monitor-closed","pid":13483,"parentPid":13482,"at":1791440500283,"monitorPid":14053,"exitCode":0,"signal":null}
[verification-test-start] {"pid":13483,"parentPid":13482,"entryFile":"/Users/yuanxi/Workwork/vibe-fs/requirements/verification-system/tests/016.test.mjs","name":"WHAT[verification-system-016] the original Error action failure remains the cause alongside an independently failed actual readonly Node consumer","fullName":"WHAT[verification-system-016] the original Error action failure remains the cause alongside an independently failed actual readonly Node consumer"}
[verification-tool-phase] {"phase":"monitor-spawned","pid":13483,"parentPid":13482,"at":1791440513215,"monitorPid":14114,"executable":"/private/tmp/node-v22.23.3-darwin-arm64/bin/node"}
[verification-tool-phase] {"phase":"tool-spawned","pid":14114,"parentPid":13483,"at":1791440513252,"toolPid":14115,"executable":"/private/tmp/node-v22.23.3-darwin-arm64/bin/node"}
[verification-tool-phase] {"phase":"tool-exited","pid":14114,"parentPid":13483,"at":1791440513277,"toolPid":14115,"exitCode":73,"signal":null}
[verification-tool-phase] {"phase":"group-drained","pid":14114,"parentPid":13483,"at":1791440513294,"toolPid":14115}
[verification-tool-phase] {"phase":"monitor-closed","pid":13483,"parentPid":13482,"at":1791440513296,"monitorPid":14114,"exitCode":0,"signal":null}
[verification-test-start] {"pid":13483,"parentPid":13482,"entryFile":"/Users/yuanxi/Workwork/vibe-fs/requirements/verification-system/tests/016.test.mjs","name":"WHAT[verification-system-016] the original null action failure remains the cause alongside an independently failed actual readonly Node consumer","fullName":"WHAT[verification-system-016] the original null action failure remains the cause alongside an independently failed actual readonly Node consumer"}
[verification-tool-phase] {"phase":"monitor-spawned","pid":13483,"parentPid":13482,"at":1791440527177,"monitorPid":14170,"executable":"/private/tmp/node-v22.23.3-darwin-arm64/bin/node"}
[verification-tool-phase] {"phase":"tool-spawned","pid":14170,"parentPid":13483,"at":1791440527211,"toolPid":14171,"executable":"/private/tmp/node-v22.23.3-darwin-arm64/bin/node"}
[verification-tool-phase] {"phase":"tool-exited","pid":14170,"parentPid":13483,"at":1791440527238,"toolPid":14171,"exitCode":73,"signal":null}
[verification-tool-phase] {"phase":"group-drained","pid":14170,"parentPid":13483,"at":1791440527256,"toolPid":14171}
[verification-tool-phase] {"phase":"monitor-closed","pid":13483,"parentPid":13482,"at":1791440527257,"monitorPid":14170,"exitCode":0,"signal":null}
[verification-test-start] {"pid":13483,"parentPid":13482,"entryFile":"/Users/yuanxi/Workwork/vibe-fs/requirements/verification-system/tests/016.test.mjs","name":"WHAT[verification-system-016] archive parent replacement cannot borrow an exact copy or delete its replacement","fullName":"WHAT[verification-system-016] archive parent replacement cannot borrow an exact copy or delete its replacement"}
[verification-test-start] {"pid":13483,"parentPid":13482,"entryFile":"/Users/yuanxi/Workwork/vibe-fs/requirements/verification-system/tests/016.test.mjs","name":"WHAT[verification-system-016] archive root replacement cannot borrow an exact copy or delete its replacement","fullName":"WHAT[verification-system-016] archive root replacement cannot borrow an exact copy or delete its replacement"}
[verification-test-start] {"pid":13483,"parentPid":13482,"entryFile":"/Users/yuanxi/Workwork/vibe-fs/requirements/verification-system/tests/016.test.mjs","name":"WHAT[verification-system-016] archive symbolic-root replacement cannot borrow an exact copy or delete its replacement","fullName":"WHAT[verification-system-016] archive symbolic-root replacement cannot borrow an exact copy or delete its replacement"}
[verification-test-start] {"pid":13483,"parentPid":13482,"entryFile":"/Users/yuanxi/Workwork/vibe-fs/requirements/verification-system/tests/016.test.mjs","name":"WHAT[verification-system-016] archive parent-with-missing-root replacement cannot borrow an exact copy or delete its replacement","fullName":"WHAT[verification-system-016] archive parent-with-missing-root replacement cannot borrow an exact copy or delete its replacement"}
[verification-test-start] {"pid":13483,"parentPid":13482,"entryFile":"/Users/yuanxi/Workwork/vibe-fs/requirements/verification-system/tests/016.test.mjs","name":"WHAT[verification-system-016] successful Node probe replacing its archive root cannot start another selected executable","fullName":"WHAT[verification-system-016] successful Node probe replacing its archive root cannot start another selected executable"}
[verification-fixture-phase] {"phase":"node-tools:archive-enter","pid":13483,"parentPid":13482,"elapsedMs":179224.595334,"archivePath":"/var/folders/g_/3ydzn7kx5lg9ylq8fd9p_13r0000gn/T/node-probe-success-namespace-CamuZs/tools.tar"}
[verification-fixture-phase] {"phase":"node-tools:archive-written","pid":13483,"parentPid":13482,"elapsedMs":179227.882084,"archivePath":"/var/folders/g_/3ydzn7kx5lg9ylq8fd9p_13r0000gn/T/node-probe-success-namespace-CamuZs/tools.tar","bytes":6656}
[verification-fixture-phase] {"phase":"node-tools:prepare-enter","pid":13483,"parentPid":13482,"elapsedMs":179227.918917,"archivePath":"/var/folders/g_/3ydzn7kx5lg9ylq8fd9p_13r0000gn/T/node-probe-success-namespace-CamuZs/tools.tar"}
[verification-tool-phase] {"phase":"monitor-spawned","pid":13483,"parentPid":13482,"at":1791440527332,"monitorPid":14179,"executable":"/private/var/folders/g_/3ydzn7kx5lg9ylq8fd9p_13r0000gn/T/node-probe-success-namespace-CamuZs/candidates/verification-archive-e0tIPu/toolchain/node/bin/node"}
[verification-tool-phase] {"phase":"tool-spawned","pid":14179,"parentPid":13483,"at":1791440527357,"toolPid":14180,"executable":"/private/var/folders/g_/3ydzn7kx5lg9ylq8fd9p_13r0000gn/T/node-probe-success-namespace-CamuZs/candidates/verification-archive-e0tIPu/toolchain/node/bin/node"}
[verification-tool-phase] {"phase":"tool-exited","pid":14179,"parentPid":13483,"at":1791440528627,"toolPid":14180,"exitCode":0,"signal":null}
[verification-tool-phase] {"phase":"group-drained","pid":14179,"parentPid":13483,"at":1791440528644,"toolPid":14180}
[verification-tool-phase] {"phase":"monitor-closed","pid":13483,"parentPid":13482,"at":1791440528645,"monitorPid":14179,"exitCode":0,"signal":null}
[verification-fixture-phase] {"phase":"node-tools:prepare-settled","pid":13483,"parentPid":13482,"elapsedMs":180545.131,"archivePath":"/var/folders/g_/3ydzn7kx5lg9ylq8fd9p_13r0000gn/T/node-probe-success-namespace-CamuZs/tools.tar"}
[verification-test-start] {"pid":13483,"parentPid":13482,"entryFile":"/Users/yuanxi/Workwork/vibe-fs/requirements/verification-system/tests/016.test.mjs","name":"WHAT[verification-system-016] successful Node probe replacing its probe root cannot start another selected executable","fullName":"WHAT[verification-system-016] successful Node probe replacing its probe root cannot start another selected executable"}
[verification-fixture-phase] {"phase":"node-tools:archive-enter","pid":13483,"parentPid":13482,"elapsedMs":180548.263584,"archivePath":"/var/folders/g_/3ydzn7kx5lg9ylq8fd9p_13r0000gn/T/node-probe-success-namespace-6gRjpD/tools.tar"}
[verification-fixture-phase] {"phase":"node-tools:archive-written","pid":13483,"parentPid":13482,"elapsedMs":180549.943167,"archivePath":"/var/folders/g_/3ydzn7kx5lg9ylq8fd9p_13r0000gn/T/node-probe-success-namespace-6gRjpD/tools.tar","bytes":6656}
[verification-fixture-phase] {"phase":"node-tools:prepare-enter","pid":13483,"parentPid":13482,"elapsedMs":180549.964084,"archivePath":"/var/folders/g_/3ydzn7kx5lg9ylq8fd9p_13r0000gn/T/node-probe-success-namespace-6gRjpD/tools.tar"}
[verification-tool-phase] {"phase":"monitor-spawned","pid":13483,"parentPid":13482,"at":1791440528653,"monitorPid":14196,"executable":"/private/var/folders/g_/3ydzn7kx5lg9ylq8fd9p_13r0000gn/T/node-probe-success-namespace-6gRjpD/candidates/verification-archive-zEPQBr/toolchain/node/bin/node"}
[verification-tool-phase] {"phase":"tool-spawned","pid":14196,"parentPid":13483,"at":1791440528679,"toolPid":14197,"executable":"/private/var/folders/g_/3ydzn7kx5lg9ylq8fd9p_13r0000gn/T/node-probe-success-namespace-6gRjpD/candidates/verification-archive-zEPQBr/toolchain/node/bin/node"}
[verification-tool-phase] {"phase":"tool-exited","pid":14196,"parentPid":13483,"at":1791440529225,"toolPid":14197,"exitCode":0,"signal":null}
[verification-tool-phase] {"phase":"group-drained","pid":14196,"parentPid":13483,"at":1791440529246,"toolPid":14197}
[verification-tool-phase] {"phase":"monitor-closed","pid":13483,"parentPid":13482,"at":1791440529248,"monitorPid":14196,"exitCode":0,"signal":null}
[verification-fixture-phase] {"phase":"node-tools:prepare-settled","pid":13483,"parentPid":13482,"elapsedMs":181148.455875,"archivePath":"/var/folders/g_/3ydzn7kx5lg9ylq8fd9p_13r0000gn/T/node-probe-success-namespace-6gRjpD/tools.tar"}
[verification-test-start] {"pid":13483,"parentPid":13482,"entryFile":"/Users/yuanxi/Workwork/vibe-fs/requirements/verification-system/tests/016.test.mjs","name":"WHAT[verification-system-016] controlled runtime probe protocol alone supplies Node version platform and architecture before npm admission","fullName":"WHAT[verification-system-016] controlled runtime probe protocol alone supplies Node version platform and architecture before npm admission"}
[verification-fixture-phase] {"phase":"node-tools:archive-enter","pid":13483,"parentPid":13482,"elapsedMs":181151.53675,"archivePath":"/var/folders/g_/3ydzn7kx5lg9ylq8fd9p_13r0000gn/T/node-runtime-identity-rVL6I1/tools.tar"}
[verification-fixture-phase] {"phase":"node-tools:archive-written","pid":13483,"parentPid":13482,"elapsedMs":181152.662834,"archivePath":"/var/folders/g_/3ydzn7kx5lg9ylq8fd9p_13r0000gn/T/node-runtime-identity-rVL6I1/tools.tar","bytes":6144}
[verification-fixture-phase] {"phase":"node-tools:prepare-enter","pid":13483,"parentPid":13482,"elapsedMs":181152.68425,"archivePath":"/var/folders/g_/3ydzn7kx5lg9ylq8fd9p_13r0000gn/T/node-runtime-identity-rVL6I1/tools.tar"}
[verification-tool-phase] {"phase":"monitor-spawned","pid":13483,"parentPid":13482,"at":1791440529256,"monitorPid":14199,"executable":"/private/var/folders/g_/3ydzn7kx5lg9ylq8fd9p_13r0000gn/T/node-runtime-identity-rVL6I1/candidates/verification-archive-Q5LThf/toolchain/node/bin/node"}
[verification-tool-phase] {"phase":"tool-spawned","pid":14199,"parentPid":13483,"at":1791440529282,"toolPid":14200,"executable":"/private/var/folders/g_/3ydzn7kx5lg9ylq8fd9p_13r0000gn/T/node-runtime-identity-rVL6I1/candidates/verification-archive-Q5LThf/toolchain/node/bin/node"}
[verification-tool-phase] {"phase":"tool-exited","pid":14199,"parentPid":13483,"at":1791440529860,"toolPid":14200,"exitCode":0,"signal":null}
[verification-tool-phase] {"phase":"group-drained","pid":14199,"parentPid":13483,"at":1791440529882,"toolPid":14200}
[verification-tool-phase] {"phase":"monitor-closed","pid":13483,"parentPid":13482,"at":1791440529884,"monitorPid":14199,"exitCode":0,"signal":null}
[verification-tool-phase] {"phase":"monitor-spawned","pid":13483,"parentPid":13482,"at":1791440529885,"monitorPid":14202,"executable":"/private/var/folders/g_/3ydzn7kx5lg9ylq8fd9p_13r0000gn/T/node-runtime-identity-rVL6I1/candidates/verification-archive-Q5LThf/toolchain/node/bin/node"}
[verification-tool-phase] {"phase":"tool-spawned","pid":14202,"parentPid":13483,"at":1791440529914,"toolPid":14203,"executable":"/private/var/folders/g_/3ydzn7kx5lg9ylq8fd9p_13r0000gn/T/node-runtime-identity-rVL6I1/candidates/verification-archive-Q5LThf/toolchain/node/bin/node"}
[verification-tool-phase] {"phase":"tool-exited","pid":14202,"parentPid":13483,"at":1791440529935,"toolPid":14203,"exitCode":0,"signal":null}
[verification-tool-phase] {"phase":"group-drained","pid":14202,"parentPid":13483,"at":1791440529951,"toolPid":14203}
[verification-tool-phase] {"phase":"monitor-closed","pid":13483,"parentPid":13482,"at":1791440529953,"monitorPid":14202,"exitCode":0,"signal":null}
[verification-fixture-phase] {"phase":"node-tools:prepare-settled","pid":13483,"parentPid":13482,"elapsedMs":181852.753875,"archivePath":"/var/folders/g_/3ydzn7kx5lg9ylq8fd9p_13r0000gn/T/node-runtime-identity-rVL6I1/tools.tar"}
[verification-test-start] {"pid":13483,"parentPid":13482,"entryFile":"/Users/yuanxi/Workwork/vibe-fs/requirements/verification-system/tests/016.test.mjs","name":"WHAT[verification-system-016] controlled runtime probe protocol rejects an invalid Node version before npm admission","fullName":"WHAT[verification-system-016] controlled runtime probe protocol rejects an invalid Node version before npm admission"}
[verification-fixture-phase] {"phase":"node-tools:archive-enter","pid":13483,"parentPid":13482,"elapsedMs":181855.033917,"archivePath":"/var/folders/g_/3ydzn7kx5lg9ylq8fd9p_13r0000gn/T/node-runtime-identity-OxbWVf/tools.tar"}
[verification-fixture-phase] {"phase":"node-tools:archive-written","pid":13483,"parentPid":13482,"elapsedMs":181856.113667,"archivePath":"/var/folders/g_/3ydzn7kx5lg9ylq8fd9p_13r0000gn/T/node-runtime-identity-OxbWVf/tools.tar","bytes":6144}
[verification-fixture-phase] {"phase":"node-tools:prepare-enter","pid":13483,"parentPid":13482,"elapsedMs":181856.12925,"archivePath":"/var/folders/g_/3ydzn7kx5lg9ylq8fd9p_13r0000gn/T/node-runtime-identity-OxbWVf/tools.tar"}
[verification-tool-phase] {"phase":"monitor-spawned","pid":13483,"parentPid":13482,"at":1791440529959,"monitorPid":14205,"executable":"/private/var/folders/g_/3ydzn7kx5lg9ylq8fd9p_13r0000gn/T/node-runtime-identity-OxbWVf/candidates/verification-archive-feUDnb/toolchain/node/bin/node"}
[verification-tool-phase] {"phase":"tool-spawned","pid":14205,"parentPid":13483,"at":1791440529984,"toolPid":14206,"executable":"/private/var/folders/g_/3ydzn7kx5lg9ylq8fd9p_13r0000gn/T/node-runtime-identity-OxbWVf/candidates/verification-archive-feUDnb/toolchain/node/bin/node"}
[verification-tool-phase] {"phase":"tool-exited","pid":14205,"parentPid":13483,"at":1791440530925,"toolPid":14206,"exitCode":0,"signal":null}
[verification-tool-phase] {"phase":"group-drained","pid":14205,"parentPid":13483,"at":1791440530943,"toolPid":14206}
[verification-tool-phase] {"phase":"monitor-closed","pid":13483,"parentPid":13482,"at":1791440530944,"monitorPid":14205,"exitCode":0,"signal":null}
[verification-fixture-phase] {"phase":"node-tools:prepare-settled","pid":13483,"parentPid":13482,"elapsedMs":182845.103792,"archivePath":"/var/folders/g_/3ydzn7kx5lg9ylq8fd9p_13r0000gn/T/node-runtime-identity-OxbWVf/tools.tar"}
[verification-test-start] {"pid":13483,"parentPid":13482,"entryFile":"/Users/yuanxi/Workwork/vibe-fs/requirements/verification-system/tests/016.test.mjs","name":"WHAT[verification-system-016] failed Node probe preserves a copied replacement of its private probe root","fullName":"WHAT[verification-system-016] failed Node probe preserves a copied replacement of its private probe root"}
[verification-fixture-phase] {"phase":"node-tools:archive-enter","pid":13483,"parentPid":13482,"elapsedMs":182847.040917,"archivePath":"/var/folders/g_/3ydzn7kx5lg9ylq8fd9p_13r0000gn/T/node-probe-namespace-yLcKci/tools.tar"}
[verification-fixture-phase] {"phase":"node-tools:archive-written","pid":13483,"parentPid":13482,"elapsedMs":182848.311042,"archivePath":"/var/folders/g_/3ydzn7kx5lg9ylq8fd9p_13r0000gn/T/node-probe-namespace-yLcKci/tools.tar","bytes":6144}
[verification-fixture-phase] {"phase":"node-tools:prepare-enter","pid":13483,"parentPid":13482,"elapsedMs":182848.331792,"archivePath":"/var/folders/g_/3ydzn7kx5lg9ylq8fd9p_13r0000gn/T/node-probe-namespace-yLcKci/tools.tar"}
[verification-tool-phase] {"phase":"monitor-spawned","pid":13483,"parentPid":13482,"at":1791440530951,"monitorPid":14208,"executable":"/private/var/folders/g_/3ydzn7kx5lg9ylq8fd9p_13r0000gn/T/node-probe-namespace-yLcKci/candidates/verification-archive-GRPTQw/toolchain/node/bin/node"}
[verification-tool-phase] {"phase":"tool-spawned","pid":14208,"parentPid":13483,"at":1791440530977,"toolPid":14209,"executable":"/private/var/folders/g_/3ydzn7kx5lg9ylq8fd9p_13r0000gn/T/node-probe-namespace-yLcKci/candidates/verification-archive-GRPTQw/toolchain/node/bin/node"}
[verification-tool-phase] {"phase":"tool-exited","pid":14208,"parentPid":13483,"at":1791440531517,"toolPid":14209,"exitCode":73,"signal":null}
[verification-tool-phase] {"phase":"group-drained","pid":14208,"parentPid":13483,"at":1791440531545,"toolPid":14209}
[verification-tool-phase] {"phase":"monitor-closed","pid":13483,"parentPid":13482,"at":1791440531547,"monitorPid":14208,"exitCode":0,"signal":null}
[verification-fixture-phase] {"phase":"node-tools:prepare-settled","pid":13483,"parentPid":13482,"elapsedMs":183448.043459,"archivePath":"/var/folders/g_/3ydzn7kx5lg9ylq8fd9p_13r0000gn/T/node-probe-namespace-yLcKci/tools.tar"}
[verification-test-start] {"pid":13483,"parentPid":13482,"entryFile":"/Users/yuanxi/Workwork/vibe-fs/requirements/verification-system/tests/016.test.mjs","name":"WHAT[verification-system-016] Node and npm role admission rejects invalid structure before archive reads or root allocation","fullName":"WHAT[verification-system-016] Node and npm role admission rejects invalid structure before archive reads or root allocation"}
[verification-test-start] {"pid":13483,"parentPid":13482,"entryFile":"/Users/yuanxi/Workwork/vibe-fs/requirements/verification-system/tests/016.test.mjs","name":"WHAT[verification-system-016] outside Node path fails with the typed role error before reading a missing archive","fullName":"WHAT[verification-system-016] Node and npm role admission rejects invalid structure before archive reads or root allocation > WHAT[verification-system-016] outside Node path fails with the typed role error before reading a missing archive"}
[verification-fixture-phase] {"phase":"node-tools:prepare-enter","pid":13483,"parentPid":13482,"elapsedMs":183450.846042,"archivePath":"/var/folders/g_/3ydzn7kx5lg9ylq8fd9p_13r0000gn/T/verification-tool-role-admission-NMMS4L/missing-tools.tar"}
[verification-fixture-phase] {"phase":"node-tools:prepare-settled","pid":13483,"parentPid":13482,"elapsedMs":183450.932459,"archivePath":"/var/folders/g_/3ydzn7kx5lg9ylq8fd9p_13r0000gn/T/verification-tool-role-admission-NMMS4L/missing-tools.tar"}
[verification-test-start] {"pid":13483,"parentPid":13482,"entryFile":"/Users/yuanxi/Workwork/vibe-fs/requirements/verification-system/tests/016.test.mjs","name":"WHAT[verification-system-016] Node traversal alias fails with the typed role error before reading a missing archive","fullName":"WHAT[verification-system-016] Node and npm role admission rejects invalid structure before archive reads or root allocation > WHAT[verification-system-016] Node traversal alias fails with the typed role error before reading a missing archive"}
[verification-fixture-phase] {"phase":"node-tools:prepare-enter","pid":13483,"parentPid":13482,"elapsedMs":183451.296917,"archivePath":"/var/folders/g_/3ydzn7kx5lg9ylq8fd9p_13r0000gn/T/verification-tool-role-admission-NMMS4L/missing-tools.tar"}
[verification-fixture-phase] {"phase":"node-tools:prepare-settled","pid":13483,"parentPid":13482,"elapsedMs":183451.425584,"archivePath":"/var/folders/g_/3ydzn7kx5lg9ylq8fd9p_13r0000gn/T/verification-tool-role-admission-NMMS4L/missing-tools.tar"}
[verification-test-start] {"pid":13483,"parentPid":13482,"entryFile":"/Users/yuanxi/Workwork/vibe-fs/requirements/verification-system/tests/016.test.mjs","name":"WHAT[verification-system-016] non-string Node role fails with the typed role error before reading a missing archive","fullName":"WHAT[verification-system-016] Node and npm role admission rejects invalid structure before archive reads or root allocation > WHAT[verification-system-016] non-string Node role fails with the typed role error before reading a missing archive"}
[verification-fixture-phase] {"phase":"node-tools:prepare-enter","pid":13483,"parentPid":13482,"elapsedMs":183451.993625,"archivePath":"/var/folders/g_/3ydzn7kx5lg9ylq8fd9p_13r0000gn/T/verification-tool-role-admission-NMMS4L/missing-tools.tar"}
[verification-fixture-phase] {"phase":"node-tools:prepare-settled","pid":13483,"parentPid":13482,"elapsedMs":183452.044334,"archivePath":"/var/folders/g_/3ydzn7kx5lg9ylq8fd9p_13r0000gn/T/verification-tool-role-admission-NMMS4L/missing-tools.tar"}
[verification-test-start] {"pid":13483,"parentPid":13482,"entryFile":"/Users/yuanxi/Workwork/vibe-fs/requirements/verification-system/tests/016.test.mjs","name":"WHAT[verification-system-016] absolute npm path fails with the typed role error before reading a missing archive","fullName":"WHAT[verification-system-016] Node and npm role admission rejects invalid structure before archive reads or root allocation > WHAT[verification-system-016] absolute npm path fails with the typed role error before reading a missing archive"}
[verification-fixture-phase] {"phase":"node-tools:prepare-enter","pid":13483,"parentPid":13482,"elapsedMs":183452.259042,"archivePath":"/var/folders/g_/3ydzn7kx5lg9ylq8fd9p_13r0000gn/T/verification-tool-role-admission-NMMS4L/missing-tools.tar"}
[verification-fixture-phase] {"phase":"node-tools:prepare-settled","pid":13483,"parentPid":13482,"elapsedMs":183452.415334,"archivePath":"/var/folders/g_/3ydzn7kx5lg9ylq8fd9p_13r0000gn/T/verification-tool-role-admission-NMMS4L/missing-tools.tar"}
[verification-test-start] {"pid":13483,"parentPid":13482,"entryFile":"/Users/yuanxi/Workwork/vibe-fs/requirements/verification-system/tests/016.test.mjs","name":"WHAT[verification-system-016] npm role outside its package fails with the typed role error before reading a missing archive","fullName":"WHAT[verification-system-016] Node and npm role admission rejects invalid structure before archive reads or root allocation > WHAT[verification-system-016] npm role outside its package fails with the typed role error before reading a missing archive"}
[verification-fixture-phase] {"phase":"node-tools:prepare-enter","pid":13483,"parentPid":13482,"elapsedMs":183452.599459,"archivePath":"/var/folders/g_/3ydzn7kx5lg9ylq8fd9p_13r0000gn/T/verification-tool-role-admission-NMMS4L/missing-tools.tar"}
[verification-fixture-phase] {"phase":"node-tools:prepare-settled","pid":13483,"parentPid":13482,"elapsedMs":183452.656334,"archivePath":"/var/folders/g_/3ydzn7kx5lg9ylq8fd9p_13r0000gn/T/verification-tool-role-admission-NMMS4L/missing-tools.tar"}
[verification-test-start] {"pid":13483,"parentPid":13482,"entryFile":"/Users/yuanxi/Workwork/vibe-fs/requirements/verification-system/tests/016.test.mjs","name":"WHAT[verification-system-016] npm traversal alias fails with the typed role error before reading a missing archive","fullName":"WHAT[verification-system-016] Node and npm role admission rejects invalid structure before archive reads or root allocation > WHAT[verification-system-016] npm traversal alias fails with the typed role error before reading a missing archive"}
[verification-fixture-phase] {"phase":"node-tools:prepare-enter","pid":13483,"parentPid":13482,"elapsedMs":183452.831584,"archivePath":"/var/folders/g_/3ydzn7kx5lg9ylq8fd9p_13r0000gn/T/verification-tool-role-admission-NMMS4L/missing-tools.tar"}
[verification-fixture-phase] {"phase":"node-tools:prepare-settled","pid":13483,"parentPid":13482,"elapsedMs":183452.863959,"archivePath":"/var/folders/g_/3ydzn7kx5lg9ylq8fd9p_13r0000gn/T/verification-tool-role-admission-NMMS4L/missing-tools.tar"}
[verification-test-start] {"pid":13483,"parentPid":13482,"entryFile":"/Users/yuanxi/Workwork/vibe-fs/requirements/verification-system/tests/016.test.mjs","name":"WHAT[verification-system-016] empty npm role fails with the typed role error before reading a missing archive","fullName":"WHAT[verification-system-016] Node and npm role admission rejects invalid structure before archive reads or root allocation > WHAT[verification-system-016] empty npm role fails with the typed role error before reading a missing archive"}
[verification-fixture-phase] {"phase":"node-tools:prepare-enter","pid":13483,"parentPid":13482,"elapsedMs":183453.022375,"archivePath":"/var/folders/g_/3ydzn7kx5lg9ylq8fd9p_13r0000gn/T/verification-tool-role-admission-NMMS4L/missing-tools.tar"}
[verification-fixture-phase] {"phase":"node-tools:prepare-settled","pid":13483,"parentPid":13482,"elapsedMs":183453.050625,"archivePath":"/var/folders/g_/3ydzn7kx5lg9ylq8fd9p_13r0000gn/T/verification-tool-role-admission-NMMS4L/missing-tools.tar"}
[verification-test-start] {"pid":13483,"parentPid":13482,"entryFile":"/Users/yuanxi/Workwork/vibe-fs/requirements/verification-system/tests/016.test.mjs","name":"WHAT[verification-system-016] already cancelled role admission preserves Error before role validation","fullName":"WHAT[verification-system-016] Node and npm role admission rejects invalid structure before archive reads or root allocation > WHAT[verification-system-016] already cancelled role admission preserves Error before role validation"}
[verification-fixture-phase] {"phase":"node-tools:prepare-enter","pid":13483,"parentPid":13482,"elapsedMs":183453.264084,"archivePath":"/var/folders/g_/3ydzn7kx5lg9ylq8fd9p_13r0000gn/T/verification-tool-role-admission-NMMS4L/missing-tools.tar"}
[verification-fixture-phase] {"phase":"node-tools:prepare-settled","pid":13483,"parentPid":13482,"elapsedMs":183453.298,"archivePath":"/var/folders/g_/3ydzn7kx5lg9ylq8fd9p_13r0000gn/T/verification-tool-role-admission-NMMS4L/missing-tools.tar"}
[verification-test-start] {"pid":13483,"parentPid":13482,"entryFile":"/Users/yuanxi/Workwork/vibe-fs/requirements/verification-system/tests/016.test.mjs","name":"WHAT[verification-system-016] already cancelled role admission preserves null before role validation","fullName":"WHAT[verification-system-016] Node and npm role admission rejects invalid structure before archive reads or root allocation > WHAT[verification-system-016] already cancelled role admission preserves null before role validation"}
[verification-fixture-phase] {"phase":"node-tools:prepare-enter","pid":13483,"parentPid":13482,"elapsedMs":183453.482709,"archivePath":"/var/folders/g_/3ydzn7kx5lg9ylq8fd9p_13r0000gn/T/verification-tool-role-admission-NMMS4L/missing-tools.tar"}
[verification-fixture-phase] {"phase":"node-tools:prepare-settled","pid":13483,"parentPid":13482,"elapsedMs":183453.529542,"archivePath":"/var/folders/g_/3ydzn7kx5lg9ylq8fd9p_13r0000gn/T/verification-tool-role-admission-NMMS4L/missing-tools.tar"}
[verification-test-start] {"pid":13483,"parentPid":13482,"entryFile":"/Users/yuanxi/Workwork/vibe-fs/requirements/verification-system/tests/016.test.mjs","name":"WHAT[verification-system-016] selected Node and complete npm bundle preparation binds actual probes without borrowing ambient configuration","fullName":"WHAT[verification-system-016] selected Node and complete npm bundle preparation binds actual probes without borrowing ambient configuration"}
[verification-test-start] {"pid":13483,"parentPid":13482,"entryFile":"/Users/yuanxi/Workwork/vibe-fs/requirements/verification-system/tests/016.test.mjs","name":"WHAT[verification-system-016] the formal fixture captures an explicit complete npm package and actual selected Node binary","fullName":"WHAT[verification-system-016] selected Node and complete npm bundle preparation binds actual probes without borrowing ambient configuration > WHAT[verification-system-016] the formal fixture captures an explicit complete npm package and actual selected Node binary"}
[verification-fixture-phase] {"phase":"node-tools:archive-enter","pid":13483,"parentPid":13482,"elapsedMs":183940.325459,"archivePath":"/var/folders/g_/3ydzn7kx5lg9ylq8fd9p_13r0000gn/T/verification-node-tools-fixture-tEHxzq/tools.tar"}
[verification-fixture-phase] {"phase":"node-tools:archive-written","pid":13483,"parentPid":13482,"elapsedMs":184119.934584,"archivePath":"/var/folders/g_/3ydzn7kx5lg9ylq8fd9p_13r0000gn/T/verification-node-tools-fixture-tEHxzq/tools.tar","bytes":125544448}
[verification-test-start] {"pid":13483,"parentPid":13482,"entryFile":"/Users/yuanxi/Workwork/vibe-fs/requirements/verification-system/tests/016.test.mjs","name":"WHAT[verification-system-016] wrong selected tool archive digest publishes no candidate","fullName":"WHAT[verification-system-016] selected Node and complete npm bundle preparation binds actual probes without borrowing ambient configuration > WHAT[verification-system-016] wrong selected tool archive digest publishes no candidate"}
[verification-fixture-phase] {"phase":"node-tools:prepare-enter","pid":13483,"parentPid":13482,"elapsedMs":184120.424625,"archivePath":"/var/folders/g_/3ydzn7kx5lg9ylq8fd9p_13r0000gn/T/verification-node-tools-fixture-tEHxzq/tools.tar"}
[verification-fixture-phase] {"phase":"node-tools:prepare-settled","pid":13483,"parentPid":13482,"elapsedMs":184191.577875,"archivePath":"/var/folders/g_/3ydzn7kx5lg9ylq8fd9p_13r0000gn/T/verification-node-tools-fixture-tEHxzq/tools.tar"}
[verification-test-start] {"pid":13483,"parentPid":13482,"entryFile":"/Users/yuanxi/Workwork/vibe-fs/requirements/verification-system/tests/016.test.mjs","name":"WHAT[verification-system-016] tool role paths reject aliases and npm entrypoints outside the selected npm package","fullName":"WHAT[verification-system-016] selected Node and complete npm bundle preparation binds actual probes without borrowing ambient configuration > WHAT[verification-system-016] tool role paths reject aliases and npm entrypoints outside the selected npm package"}
[verification-fixture-phase] {"phase":"node-tools:prepare-enter","pid":13483,"parentPid":13482,"elapsedMs":184192.867542,"archivePath":"/var/folders/g_/3ydzn7kx5lg9ylq8fd9p_13r0000gn/T/verification-node-tools-fixture-tEHxzq/tools.tar"}
[verification-fixture-phase] {"phase":"node-tools:prepare-settled","pid":13483,"parentPid":13482,"elapsedMs":184192.977875,"archivePath":"/var/folders/g_/3ydzn7kx5lg9ylq8fd9p_13r0000gn/T/verification-node-tools-fixture-tEHxzq/tools.tar"}
[verification-fixture-phase] {"phase":"node-tools:prepare-enter","pid":13483,"parentPid":13482,"elapsedMs":184193.045292,"archivePath":"/var/folders/g_/3ydzn7kx5lg9ylq8fd9p_13r0000gn/T/verification-node-tools-fixture-tEHxzq/tools.tar"}
[verification-fixture-phase] {"phase":"node-tools:prepare-settled","pid":13483,"parentPid":13482,"elapsedMs":184193.073125,"archivePath":"/var/folders/g_/3ydzn7kx5lg9ylq8fd9p_13r0000gn/T/verification-node-tools-fixture-tEHxzq/tools.tar"}
[verification-fixture-phase] {"phase":"node-tools:prepare-enter","pid":13483,"parentPid":13482,"elapsedMs":184193.098542,"archivePath":"/var/folders/g_/3ydzn7kx5lg9ylq8fd9p_13r0000gn/T/verification-node-tools-fixture-tEHxzq/tools.tar"}
[verification-fixture-phase] {"phase":"node-tools:prepare-settled","pid":13483,"parentPid":13482,"elapsedMs":184877.129334,"archivePath":"/var/folders/g_/3ydzn7kx5lg9ylq8fd9p_13r0000gn/T/verification-node-tools-fixture-tEHxzq/tools.tar"}
[verification-test-start] {"pid":13483,"parentPid":13482,"entryFile":"/Users/yuanxi/Workwork/vibe-fs/requirements/verification-system/tests/016.test.mjs","name":"WHAT[verification-system-016] actual bundled Node and npm probes ignore hostile ambient HOME launchers and npm configuration","fullName":"WHAT[verification-system-016] selected Node and complete npm bundle preparation binds actual probes without borrowing ambient configuration > WHAT[verification-system-016] actual bundled Node and npm probes ignore hostile ambient HOME launchers and npm configuration"}
[verification-fixture-phase] {"phase":"node-tools:prepare-enter","pid":13483,"parentPid":13482,"elapsedMs":184877.95975,"archivePath":"/var/folders/g_/3ydzn7kx5lg9ylq8fd9p_13r0000gn/T/verification-node-tools-fixture-tEHxzq/tools.tar"}
[verification-tool-phase] {"phase":"monitor-spawned","pid":13483,"parentPid":13482,"at":1791440533485,"monitorPid":14211,"executable":"/private/var/folders/g_/3ydzn7kx5lg9ylq8fd9p_13r0000gn/T/verification-node-tools-fixture-tEHxzq/candidates/verification-archive-LVW8MX/toolchain/node/bin/node"}
[verification-tool-phase] {"phase":"tool-spawned","pid":14211,"parentPid":13483,"at":1791440533521,"toolPid":14212,"executable":"/private/var/folders/g_/3ydzn7kx5lg9ylq8fd9p_13r0000gn/T/verification-node-tools-fixture-tEHxzq/candidates/verification-archive-LVW8MX/toolchain/node/bin/node"}
[verification-tool-phase] {"phase":"tool-exited","pid":14211,"parentPid":13483,"at":1791440534611,"toolPid":14212,"exitCode":0,"signal":null}
[verification-tool-phase] {"phase":"group-drained","pid":14211,"parentPid":13483,"at":1791440534631,"toolPid":14212}
[verification-tool-phase] {"phase":"monitor-closed","pid":13483,"parentPid":13482,"at":1791440534633,"monitorPid":14211,"exitCode":0,"signal":null}
[verification-tool-phase] {"phase":"monitor-spawned","pid":13483,"parentPid":13482,"at":1791440534729,"monitorPid":14214,"executable":"/private/var/folders/g_/3ydzn7kx5lg9ylq8fd9p_13r0000gn/T/verification-node-tools-fixture-tEHxzq/candidates/verification-archive-LVW8MX/toolchain/node/bin/node"}
[verification-tool-phase] {"phase":"tool-spawned","pid":14214,"parentPid":13483,"at":1791440534755,"toolPid":14215,"executable":"/private/var/folders/g_/3ydzn7kx5lg9ylq8fd9p_13r0000gn/T/verification-node-tools-fixture-tEHxzq/candidates/verification-archive-LVW8MX/toolchain/node/bin/node"}
[verification-tool-phase] {"phase":"tool-exited","pid":14214,"parentPid":13483,"at":1791440534835,"toolPid":14215,"exitCode":0,"signal":null}
[verification-tool-phase] {"phase":"group-drained","pid":14214,"parentPid":13483,"at":1791440534854,"toolPid":14215}
[verification-tool-phase] {"phase":"monitor-closed","pid":13483,"parentPid":13482,"at":1791440534855,"monitorPid":14214,"exitCode":0,"signal":null}
[verification-fixture-phase] {"phase":"node-tools:prepare-settled","pid":13483,"parentPid":13482,"elapsedMs":186854.00875,"archivePath":"/var/folders/g_/3ydzn7kx5lg9ylq8fd9p_13r0000gn/T/verification-node-tools-fixture-tEHxzq/tools.tar"}
[verification-test-start] {"pid":13483,"parentPid":13482,"entryFile":"/Users/yuanxi/Workwork/vibe-fs/requirements/verification-system/tests/016.test.mjs","name":"WHAT[verification-system-016] a missing declared npm library cannot be borrowed from the candidate parent directory by the actual npm CLI","fullName":"WHAT[verification-system-016] selected Node and complete npm bundle preparation binds actual probes without borrowing ambient configuration > WHAT[verification-system-016] a missing declared npm library cannot be borrowed from the candidate parent directory by the actual npm CLI"}
[verification-fixture-phase] {"phase":"node-tools:archive-enter","pid":13483,"parentPid":13482,"elapsedMs":187114.195,"archivePath":"/var/folders/g_/3ydzn7kx5lg9ylq8fd9p_13r0000gn/T/verification-node-tools-fixture-tEHxzq/tools.tar"}
[verification-fixture-phase] {"phase":"node-tools:archive-written","pid":13483,"parentPid":13482,"elapsedMs":187272.540542,"archivePath":"/var/folders/g_/3ydzn7kx5lg9ylq8fd9p_13r0000gn/T/verification-node-tools-fixture-tEHxzq/tools.tar","bytes":125511680}
[verification-fixture-phase] {"phase":"node-tools:prepare-enter","pid":13483,"parentPid":13482,"elapsedMs":187272.592209,"archivePath":"/var/folders/g_/3ydzn7kx5lg9ylq8fd9p_13r0000gn/T/verification-node-tools-fixture-tEHxzq/tools.tar"}
[verification-fixture-phase] {"phase":"node-tools:prepare-settled","pid":13483,"parentPid":13482,"elapsedMs":188004.831292,"archivePath":"/var/folders/g_/3ydzn7kx5lg9ylq8fd9p_13r0000gn/T/verification-node-tools-fixture-tEHxzq/tools.tar"}
[verification-test-start] {"pid":13483,"parentPid":13482,"entryFile":"/Users/yuanxi/Workwork/vibe-fs/requirements/verification-system/tests/016.test.mjs","name":"WHAT[verification-system-016] complete root npm dependencies cannot conceal a missing declared transitive production library","fullName":"WHAT[verification-system-016] selected Node and complete npm bundle preparation binds actual probes without borrowing ambient configuration > WHAT[verification-system-016] complete root npm dependencies cannot conceal a missing declared transitive production library"}
[verification-fixture-phase] {"phase":"node-tools:archive-enter","pid":13483,"parentPid":13482,"elapsedMs":188006.631542,"archivePath":"/var/folders/g_/3ydzn7kx5lg9ylq8fd9p_13r0000gn/T/verification-node-tools-fixture-tEHxzq/tools.tar"}
[verification-fixture-phase] {"phase":"node-tools:archive-written","pid":13483,"parentPid":13482,"elapsedMs":188150.41775,"archivePath":"/var/folders/g_/3ydzn7kx5lg9ylq8fd9p_13r0000gn/T/verification-node-tools-fixture-tEHxzq/tools.tar","bytes":125533696}
[verification-fixture-phase] {"phase":"node-tools:prepare-enter","pid":13483,"parentPid":13482,"elapsedMs":188150.46825,"archivePath":"/var/folders/g_/3ydzn7kx5lg9ylq8fd9p_13r0000gn/T/verification-node-tools-fixture-tEHxzq/tools.tar"}
[verification-fixture-phase] {"phase":"node-tools:prepare-settled","pid":13483,"parentPid":13482,"elapsedMs":188777.01625,"archivePath":"/var/folders/g_/3ydzn7kx5lg9ylq8fd9p_13r0000gn/T/verification-node-tools-fixture-tEHxzq/tools.tar"}
[verification-test-start] {"pid":13483,"parentPid":13482,"entryFile":"/Users/yuanxi/Workwork/vibe-fs/requirements/verification-system/tests/016.test.mjs","name":"WHAT[verification-system-016] a valid selected archive missing an npm required module fails the actual npm probe and reclaims its private resources","fullName":"WHAT[verification-system-016] selected Node and complete npm bundle preparation binds actual probes without borrowing ambient configuration > WHAT[verification-system-016] a valid selected archive missing an npm required module fails the actual npm probe and reclaims its private resources"}
[verification-fixture-phase] {"phase":"node-tools:archive-enter","pid":13483,"parentPid":13482,"elapsedMs":188777.700417,"archivePath":"/var/folders/g_/3ydzn7kx5lg9ylq8fd9p_13r0000gn/T/verification-node-tools-fixture-tEHxzq/tools.tar"}
[verification-fixture-phase] {"phase":"node-tools:archive-written","pid":13483,"parentPid":13482,"elapsedMs":188908.60725,"archivePath":"/var/folders/g_/3ydzn7kx5lg9ylq8fd9p_13r0000gn/T/verification-node-tools-fixture-tEHxzq/tools.tar","bytes":125543424}
[verification-fixture-phase] {"phase":"node-tools:prepare-enter","pid":13483,"parentPid":13482,"elapsedMs":188908.738209,"archivePath":"/var/folders/g_/3ydzn7kx5lg9ylq8fd9p_13r0000gn/T/verification-node-tools-fixture-tEHxzq/tools.tar"}
[verification-tool-phase] {"phase":"monitor-spawned","pid":13483,"parentPid":13482,"at":1791440537513,"monitorPid":14218,"executable":"/private/var/folders/g_/3ydzn7kx5lg9ylq8fd9p_13r0000gn/T/verification-node-tools-fixture-tEHxzq/candidates/verification-archive-cCOv80/toolchain/node/bin/node"}
[verification-tool-phase] {"phase":"tool-spawned","pid":14218,"parentPid":13483,"at":1791440537547,"toolPid":14219,"executable":"/private/var/folders/g_/3ydzn7kx5lg9ylq8fd9p_13r0000gn/T/verification-node-tools-fixture-tEHxzq/candidates/verification-archive-cCOv80/toolchain/node/bin/node"}
[verification-tool-phase] {"phase":"tool-exited","pid":14218,"parentPid":13483,"at":1791440538637,"toolPid":14219,"exitCode":0,"signal":null}
[verification-tool-phase] {"phase":"group-drained","pid":14218,"parentPid":13483,"at":1791440538656,"toolPid":14219}
[verification-tool-phase] {"phase":"monitor-closed","pid":13483,"parentPid":13482,"at":1791440538658,"monitorPid":14218,"exitCode":0,"signal":null}
[verification-tool-phase] {"phase":"monitor-spawned","pid":13483,"parentPid":13482,"at":1791440538754,"monitorPid":14221,"executable":"/private/var/folders/g_/3ydzn7kx5lg9ylq8fd9p_13r0000gn/T/verification-node-tools-fixture-tEHxzq/candidates/verification-archive-cCOv80/toolchain/node/bin/node"}
[verification-tool-phase] {"phase":"tool-spawned","pid":14221,"parentPid":13483,"at":1791440538783,"toolPid":14222,"executable":"/private/var/folders/g_/3ydzn7kx5lg9ylq8fd9p_13r0000gn/T/verification-node-tools-fixture-tEHxzq/candidates/verification-archive-cCOv80/toolchain/node/bin/node"}
[verification-tool-phase] {"phase":"tool-exited","pid":14221,"parentPid":13483,"at":1791440538804,"toolPid":14222,"exitCode":1,"signal":null}
[verification-tool-phase] {"phase":"group-drained","pid":14221,"parentPid":13483,"at":1791440538820,"toolPid":14222}
[verification-tool-phase] {"phase":"monitor-closed","pid":13483,"parentPid":13482,"at":1791440538821,"monitorPid":14221,"exitCode":0,"signal":null}
[verification-fixture-phase] {"phase":"node-tools:prepare-settled","pid":13483,"parentPid":13482,"elapsedMs":190846.351542,"archivePath":"/var/folders/g_/3ydzn7kx5lg9ylq8fd9p_13r0000gn/T/verification-node-tools-fixture-tEHxzq/tools.tar"}
[verification-test-start] {"pid":13483,"parentPid":13482,"entryFile":"/Users/yuanxi/Workwork/vibe-fs/requirements/verification-system/tests/016.test.mjs","name":"WHAT[verification-system-016] an internal symbolic Node entrypoint cannot stand in for the selected executable file","fullName":"WHAT[verification-system-016] selected Node and complete npm bundle preparation binds actual probes without borrowing ambient configuration > WHAT[verification-system-016] an internal symbolic Node entrypoint cannot stand in for the selected executable file"}
[verification-fixture-phase] {"phase":"node-tools:archive-enter","pid":13483,"parentPid":13482,"elapsedMs":190846.977375,"archivePath":"/var/folders/g_/3ydzn7kx5lg9ylq8fd9p_13r0000gn/T/verification-node-tools-fixture-tEHxzq/tools.tar"}
[verification-fixture-phase] {"phase":"node-tools:archive-written","pid":13483,"parentPid":13482,"elapsedMs":191010.645209,"archivePath":"/var/folders/g_/3ydzn7kx5lg9ylq8fd9p_13r0000gn/T/verification-node-tools-fixture-tEHxzq/tools.tar","bytes":125543936}
[verification-fixture-phase] {"phase":"node-tools:prepare-enter","pid":13483,"parentPid":13482,"elapsedMs":191010.697625,"archivePath":"/var/folders/g_/3ydzn7kx5lg9ylq8fd9p_13r0000gn/T/verification-node-tools-fixture-tEHxzq/tools.tar"}
[verification-fixture-phase] {"phase":"node-tools:prepare-settled","pid":13483,"parentPid":13482,"elapsedMs":191605.955417,"archivePath":"/var/folders/g_/3ydzn7kx5lg9ylq8fd9p_13r0000gn/T/verification-node-tools-fixture-tEHxzq/tools.tar"}
[verification-test-start] {"pid":13483,"parentPid":13482,"entryFile":"/Users/yuanxi/Workwork/vibe-fs/requirements/verification-system/tests/016.test.mjs","name":"WHAT[verification-system-016] a non-executable selected Node file cannot authorize a tool probe","fullName":"WHAT[verification-system-016] selected Node and complete npm bundle preparation binds actual probes without borrowing ambient configuration > WHAT[verification-system-016] a non-executable selected Node file cannot authorize a tool probe"}
[verification-fixture-phase] {"phase":"node-tools:archive-enter","pid":13483,"parentPid":13482,"elapsedMs":191606.493834,"archivePath":"/var/folders/g_/3ydzn7kx5lg9ylq8fd9p_13r0000gn/T/verification-node-tools-fixture-tEHxzq/tools.tar"}
[verification-fixture-phase] {"phase":"node-tools:archive-written","pid":13483,"parentPid":13482,"elapsedMs":191730.827042,"archivePath":"/var/folders/g_/3ydzn7kx5lg9ylq8fd9p_13r0000gn/T/verification-node-tools-fixture-tEHxzq/tools.tar","bytes":125543936}
[verification-fixture-phase] {"phase":"node-tools:prepare-enter","pid":13483,"parentPid":13482,"elapsedMs":191730.864625,"archivePath":"/var/folders/g_/3ydzn7kx5lg9ylq8fd9p_13r0000gn/T/verification-node-tools-fixture-tEHxzq/tools.tar"}
[verification-fixture-phase] {"phase":"node-tools:prepare-settled","pid":13483,"parentPid":13482,"elapsedMs":192364.030042,"archivePath":"/var/folders/g_/3ydzn7kx5lg9ylq8fd9p_13r0000gn/T/verification-node-tools-fixture-tEHxzq/tools.tar"}
[verification-test-start] {"pid":13483,"parentPid":13482,"entryFile":"/Users/yuanxi/Workwork/vibe-fs/requirements/verification-system/tests/016.test.mjs","name":"WHAT[verification-system-016] an actual npm CLI that adds an unselected file before reporting its real version cannot publish the original bundle identity","fullName":"WHAT[verification-system-016] selected Node and complete npm bundle preparation binds actual probes without borrowing ambient configuration > WHAT[verification-system-016] an actual npm CLI that adds an unselected file before reporting its real version cannot publish the original bundle identity"}
[verification-fixture-phase] {"phase":"node-tools:archive-enter","pid":13483,"parentPid":13482,"elapsedMs":192364.91625,"archivePath":"/var/folders/g_/3ydzn7kx5lg9ylq8fd9p_13r0000gn/T/verification-node-tools-fixture-tEHxzq/tools.tar"}
[verification-fixture-phase] {"phase":"node-tools:archive-written","pid":13483,"parentPid":13482,"elapsedMs":192491.722459,"archivePath":"/var/folders/g_/3ydzn7kx5lg9ylq8fd9p_13r0000gn/T/verification-node-tools-fixture-tEHxzq/tools.tar","bytes":125544960}
[verification-fixture-phase] {"phase":"node-tools:prepare-enter","pid":13483,"parentPid":13482,"elapsedMs":192491.759167,"archivePath":"/var/folders/g_/3ydzn7kx5lg9ylq8fd9p_13r0000gn/T/verification-node-tools-fixture-tEHxzq/tools.tar"}
[verification-tool-phase] {"phase":"monitor-spawned","pid":13483,"parentPid":13482,"at":1791440541092,"monitorPid":14224,"executable":"/private/var/folders/g_/3ydzn7kx5lg9ylq8fd9p_13r0000gn/T/verification-node-tools-fixture-tEHxzq/candidates/verification-archive-qPtA75/toolchain/node/bin/node"}
[verification-tool-phase] {"phase":"tool-spawned","pid":14224,"parentPid":13483,"at":1791440541130,"toolPid":14225,"executable":"/private/var/folders/g_/3ydzn7kx5lg9ylq8fd9p_13r0000gn/T/verification-node-tools-fixture-tEHxzq/candidates/verification-archive-qPtA75/toolchain/node/bin/node"}
[verification-tool-phase] {"phase":"tool-exited","pid":14224,"parentPid":13483,"at":1791440542188,"toolPid":14225,"exitCode":0,"signal":null}
[verification-tool-phase] {"phase":"group-drained","pid":14224,"parentPid":13483,"at":1791440542208,"toolPid":14225}
[verification-tool-phase] {"phase":"monitor-closed","pid":13483,"parentPid":13482,"at":1791440542209,"monitorPid":14224,"exitCode":0,"signal":null}
[verification-tool-phase] {"phase":"monitor-spawned","pid":13483,"parentPid":13482,"at":1791440542306,"monitorPid":14227,"executable":"/private/var/folders/g_/3ydzn7kx5lg9ylq8fd9p_13r0000gn/T/verification-node-tools-fixture-tEHxzq/candidates/verification-archive-qPtA75/toolchain/node/bin/node"}
[verification-tool-phase] {"phase":"tool-spawned","pid":14227,"parentPid":13483,"at":1791440542333,"toolPid":14228,"executable":"/private/var/folders/g_/3ydzn7kx5lg9ylq8fd9p_13r0000gn/T/verification-node-tools-fixture-tEHxzq/candidates/verification-archive-qPtA75/toolchain/node/bin/node"}
[verification-tool-phase] {"phase":"tool-exited","pid":14227,"parentPid":13483,"at":1791440542406,"toolPid":14228,"exitCode":0,"signal":null}
[verification-tool-phase] {"phase":"group-drained","pid":14227,"parentPid":13483,"at":1791440542423,"toolPid":14228}
[verification-tool-phase] {"phase":"monitor-closed","pid":13483,"parentPid":13482,"at":1791440542424,"monitorPid":14227,"exitCode":0,"signal":null}
[verification-fixture-phase] {"phase":"node-tools:prepare-settled","pid":13483,"parentPid":13482,"elapsedMs":194501.739875,"archivePath":"/var/folders/g_/3ydzn7kx5lg9ylq8fd9p_13r0000gn/T/verification-node-tools-fixture-tEHxzq/tools.tar"}
[verification-test-start] {"pid":13483,"parentPid":13482,"entryFile":"/Users/yuanxi/Workwork/vibe-fs/requirements/verification-system/tests/016.test.mjs","name":"WHAT[verification-system-016] a held actual npm probe preserves Error cancellation and drains its process group","fullName":"WHAT[verification-system-016] selected Node and complete npm bundle preparation binds actual probes without borrowing ambient configuration > WHAT[verification-system-016] a held actual npm probe preserves Error cancellation and drains its process group"}
[verification-fixture-phase] {"phase":"node-tools:archive-enter","pid":13483,"parentPid":13482,"elapsedMs":194502.50175,"archivePath":"/var/folders/g_/3ydzn7kx5lg9ylq8fd9p_13r0000gn/T/verification-node-tools-fixture-tEHxzq/tools.tar"}
[verification-fixture-phase] {"phase":"node-tools:archive-written","pid":13483,"parentPid":13482,"elapsedMs":194630.98975,"archivePath":"/var/folders/g_/3ydzn7kx5lg9ylq8fd9p_13r0000gn/T/verification-node-tools-fixture-tEHxzq/tools.tar","bytes":125545984}
[verification-fixture-phase] {"phase":"node-tools:prepare-enter","pid":13483,"parentPid":13482,"elapsedMs":194631.23325,"archivePath":"/var/folders/g_/3ydzn7kx5lg9ylq8fd9p_13r0000gn/T/verification-node-tools-fixture-tEHxzq/tools.tar"}
[verification-tool-phase] {"phase":"monitor-spawned","pid":13483,"parentPid":13482,"at":1791440543230,"monitorPid":14230,"executable":"/private/var/folders/g_/3ydzn7kx5lg9ylq8fd9p_13r0000gn/T/verification-node-tools-fixture-tEHxzq/candidates/verification-archive-hPjCF7/toolchain/node/bin/node"}
[verification-tool-phase] {"phase":"tool-spawned","pid":14230,"parentPid":13483,"at":1791440543266,"toolPid":14231,"executable":"/private/var/folders/g_/3ydzn7kx5lg9ylq8fd9p_13r0000gn/T/verification-node-tools-fixture-tEHxzq/candidates/verification-archive-hPjCF7/toolchain/node/bin/node"}
[verification-tool-phase] {"phase":"tool-exited","pid":14230,"parentPid":13483,"at":1791440544353,"toolPid":14231,"exitCode":0,"signal":null}
[verification-tool-phase] {"phase":"group-drained","pid":14230,"parentPid":13483,"at":1791440544375,"toolPid":14231}
[verification-tool-phase] {"phase":"monitor-closed","pid":13483,"parentPid":13482,"at":1791440544377,"monitorPid":14230,"exitCode":0,"signal":null}
[verification-tool-phase] {"phase":"monitor-spawned","pid":13483,"parentPid":13482,"at":1791440544475,"monitorPid":14233,"executable":"/private/var/folders/g_/3ydzn7kx5lg9ylq8fd9p_13r0000gn/T/verification-node-tools-fixture-tEHxzq/candidates/verification-archive-hPjCF7/toolchain/node/bin/node"}
[verification-tool-phase] {"phase":"tool-spawned","pid":14233,"parentPid":13483,"at":1791440544502,"toolPid":14234,"executable":"/private/var/folders/g_/3ydzn7kx5lg9ylq8fd9p_13r0000gn/T/verification-node-tools-fixture-tEHxzq/candidates/verification-archive-hPjCF7/toolchain/node/bin/node"}
[verification-tool-phase] {"phase":"tool-exited","pid":14233,"parentPid":13483,"at":1791440544556,"toolPid":14234,"exitCode":null,"signal":"SIGKILL"}
[verification-tool-phase] {"phase":"group-drained","pid":14233,"parentPid":13483,"at":1791440544573,"toolPid":14234}
[verification-tool-phase] {"phase":"monitor-closed","pid":13483,"parentPid":13482,"at":1791440544574,"monitorPid":14233,"exitCode":0,"signal":null}
[verification-fixture-phase] {"phase":"node-tools:prepare-settled","pid":13483,"parentPid":13482,"elapsedMs":196600.783459,"archivePath":"/var/folders/g_/3ydzn7kx5lg9ylq8fd9p_13r0000gn/T/verification-node-tools-fixture-tEHxzq/tools.tar"}
[verification-test-start] {"pid":13483,"parentPid":13482,"entryFile":"/Users/yuanxi/Workwork/vibe-fs/requirements/verification-system/tests/016.test.mjs","name":"WHAT[verification-system-016] a held actual npm probe preserves null cancellation and drains its process group","fullName":"WHAT[verification-system-016] selected Node and complete npm bundle preparation binds actual probes without borrowing ambient configuration > WHAT[verification-system-016] a held actual npm probe preserves null cancellation and drains its process group"}
[verification-fixture-phase] {"phase":"node-tools:archive-enter","pid":13483,"parentPid":13482,"elapsedMs":196601.651042,"archivePath":"/var/folders/g_/3ydzn7kx5lg9ylq8fd9p_13r0000gn/T/verification-node-tools-fixture-tEHxzq/tools.tar"}
[verification-fixture-phase] {"phase":"node-tools:archive-written","pid":13483,"parentPid":13482,"elapsedMs":196733.364959,"archivePath":"/var/folders/g_/3ydzn7kx5lg9ylq8fd9p_13r0000gn/T/verification-node-tools-fixture-tEHxzq/tools.tar","bytes":125545984}
[verification-fixture-phase] {"phase":"node-tools:prepare-enter","pid":13483,"parentPid":13482,"elapsedMs":196733.580709,"archivePath":"/var/folders/g_/3ydzn7kx5lg9ylq8fd9p_13r0000gn/T/verification-node-tools-fixture-tEHxzq/tools.tar"}
[verification-tool-phase] {"phase":"monitor-spawned","pid":13483,"parentPid":13482,"at":1791440545342,"monitorPid":14237,"executable":"/private/var/folders/g_/3ydzn7kx5lg9ylq8fd9p_13r0000gn/T/verification-node-tools-fixture-tEHxzq/candidates/verification-archive-nwEwbc/toolchain/node/bin/node"}
[verification-tool-phase] {"phase":"tool-spawned","pid":14237,"parentPid":13483,"at":1791440545374,"toolPid":14238,"executable":"/private/var/folders/g_/3ydzn7kx5lg9ylq8fd9p_13r0000gn/T/verification-node-tools-fixture-tEHxzq/candidates/verification-archive-nwEwbc/toolchain/node/bin/node"}
[verification-tool-phase] {"phase":"tool-exited","pid":14237,"parentPid":13483,"at":1791440546462,"toolPid":14238,"exitCode":0,"signal":null}
[verification-tool-phase] {"phase":"group-drained","pid":14237,"parentPid":13483,"at":1791440546481,"toolPid":14238}
[verification-tool-phase] {"phase":"monitor-closed","pid":13483,"parentPid":13482,"at":1791440546483,"monitorPid":14237,"exitCode":0,"signal":null}
[verification-tool-phase] {"phase":"monitor-spawned","pid":13483,"parentPid":13482,"at":1791440546578,"monitorPid":14240,"executable":"/private/var/folders/g_/3ydzn7kx5lg9ylq8fd9p_13r0000gn/T/verification-node-tools-fixture-tEHxzq/candidates/verification-archive-nwEwbc/toolchain/node/bin/node"}
[verification-tool-phase] {"phase":"tool-spawned","pid":14240,"parentPid":13483,"at":1791440546606,"toolPid":14241,"executable":"/private/var/folders/g_/3ydzn7kx5lg9ylq8fd9p_13r0000gn/T/verification-node-tools-fixture-tEHxzq/candidates/verification-archive-nwEwbc/toolchain/node/bin/node"}
[verification-tool-phase] {"phase":"tool-exited","pid":14240,"parentPid":13483,"at":1791440546665,"toolPid":14241,"exitCode":null,"signal":"SIGKILL"}
[verification-tool-phase] {"phase":"group-drained","pid":14240,"parentPid":13483,"at":1791440546682,"toolPid":14241}
[verification-tool-phase] {"phase":"monitor-closed","pid":13483,"parentPid":13482,"at":1791440546683,"monitorPid":14240,"exitCode":0,"signal":null}
[verification-fixture-phase] {"phase":"node-tools:prepare-settled","pid":13483,"parentPid":13482,"elapsedMs":198706.288,"archivePath":"/var/folders/g_/3ydzn7kx5lg9ylq8fd9p_13r0000gn/T/verification-node-tools-fixture-tEHxzq/tools.tar"}
[verification-test-start] {"pid":13483,"parentPid":13482,"entryFile":"/Users/yuanxi/Workwork/vibe-fs/requirements/verification-system/tests/016.test.mjs","name":"WHAT[verification-system-016] already aborted tool preparation preserves Error before reading a missing archive","fullName":"WHAT[verification-system-016] selected Node and complete npm bundle preparation binds actual probes without borrowing ambient configuration > WHAT[verification-system-016] already aborted tool preparation preserves Error before reading a missing archive"}
[verification-fixture-phase] {"phase":"node-tools:prepare-enter","pid":13483,"parentPid":13482,"elapsedMs":198707.058084,"archivePath":"/var/folders/g_/3ydzn7kx5lg9ylq8fd9p_13r0000gn/T/verification-node-tools-fixture-tEHxzq/missing-tools.tar"}
[verification-fixture-phase] {"phase":"node-tools:prepare-settled","pid":13483,"parentPid":13482,"elapsedMs":198707.125959,"archivePath":"/var/folders/g_/3ydzn7kx5lg9ylq8fd9p_13r0000gn/T/verification-node-tools-fixture-tEHxzq/missing-tools.tar"}
[verification-test-start] {"pid":13483,"parentPid":13482,"entryFile":"/Users/yuanxi/Workwork/vibe-fs/requirements/verification-system/tests/016.test.mjs","name":"WHAT[verification-system-016] already aborted tool preparation preserves null before reading a missing archive","fullName":"WHAT[verification-system-016] selected Node and complete npm bundle preparation binds actual probes without borrowing ambient configuration > WHAT[verification-system-016] already aborted tool preparation preserves null before reading a missing archive"}
[verification-fixture-phase] {"phase":"node-tools:prepare-enter","pid":13483,"parentPid":13482,"elapsedMs":198707.331917,"archivePath":"/var/folders/g_/3ydzn7kx5lg9ylq8fd9p_13r0000gn/T/verification-node-tools-fixture-tEHxzq/missing-tools.tar"}
[verification-fixture-phase] {"phase":"node-tools:prepare-settled","pid":13483,"parentPid":13482,"elapsedMs":198707.357084,"archivePath":"/var/folders/g_/3ydzn7kx5lg9ylq8fd9p_13r0000gn/T/verification-node-tools-fixture-tEHxzq/missing-tools.tar"}
[verification-test-start] {"pid":13483,"parentPid":13482,"entryFile":"/Users/yuanxi/Workwork/vibe-fs/requirements/verification-system/tests/016.test.mjs","name":"WHAT[verification-system-016] selected npm tools replaced during the actual runtime probe cannot start the next version probe","fullName":"WHAT[verification-system-016] selected npm tools replaced during the actual runtime probe cannot start the next version probe"}
[verification-test-start] {"pid":13483,"parentPid":13482,"entryFile":"/Users/yuanxi/Workwork/vibe-fs/requirements/verification-system/tests/016.test.mjs","name":"WHAT[verification-system-016] complete selected Node and npm archive capture preserves locked inputs before execution","fullName":"WHAT[verification-system-016] selected npm tools replaced during the actual runtime probe cannot start the next version probe > WHAT[verification-system-016] complete selected Node and npm archive capture preserves locked inputs before execution"}
[verification-fixture-phase] {"phase":"npm:version-enter","pid":13483,"parentPid":13482,"elapsedMs":198856.569625,"npmCli":"/private/tmp/vibe-fs-t388-selected-npm/package/bin/npm-cli.js"}
[verification-fixture-phase] {"phase":"npm:version-completed","pid":13483,"parentPid":13482,"elapsedMs":198931.854084,"npmCli":"/private/tmp/vibe-fs-t388-selected-npm/package/bin/npm-cli.js","version":"11.12.1"}
[verification-fixture-phase] {"phase":"npm:registry-listening","pid":13483,"parentPid":13482,"elapsedMs":198935.759917,"root":"/var/folders/g_/3ydzn7kx5lg9ylq8fd9p_13r0000gn/T/verification-npm-fixture-sXe3fx","registry":"http://127.0.0.1:62127"}
[verification-fixture-phase] {"phase":"npm:tool-capture-enter","pid":13483,"parentPid":13482,"elapsedMs":198986.539042,"root":"/var/folders/g_/3ydzn7kx5lg9ylq8fd9p_13r0000gn/T/verification-npm-fixture-sXe3fx"}
[verification-fixture-phase] {"phase":"npm:tool-archive-written","pid":13483,"parentPid":13482,"elapsedMs":199537.381792,"archivePath":"/var/folders/g_/3ydzn7kx5lg9ylq8fd9p_13r0000gn/T/verification-npm-fixture-sXe3fx/tools.tar","bytes":125545984}
[verification-test-start] {"pid":13483,"parentPid":13482,"entryFile":"/Users/yuanxi/Workwork/vibe-fs/requirements/verification-system/tests/016.test.mjs","name":"WHAT[verification-system-016] actual runtime probe refuses a complete copied tool owner before version or registry execution","fullName":"WHAT[verification-system-016] selected npm tools replaced during the actual runtime probe cannot start the next version probe > WHAT[verification-system-016] actual runtime probe refuses a complete copied tool owner before version or registry execution"}
[verification-fixture-phase] {"phase":"npm:archive-install-enter","pid":13483,"parentPid":13482,"elapsedMs":199965.048292,"archivePath":"/var/folders/g_/3ydzn7kx5lg9ylq8fd9p_13r0000gn/T/verification-npm-fixture-sXe3fx/tools.tar"}
[verification-tool-phase] {"phase":"monitor-spawned","pid":13483,"parentPid":13482,"at":1791440548580,"monitorPid":14260,"executable":"/private/var/folders/g_/3ydzn7kx5lg9ylq8fd9p_13r0000gn/T/verification-npm-fixture-sXe3fx/candidates/verification-archive-hxT2TR/toolchain/node/bin/node"}
[verification-tool-phase] {"phase":"tool-spawned","pid":14260,"parentPid":13483,"at":1791440548618,"toolPid":14261,"executable":"/private/var/folders/g_/3ydzn7kx5lg9ylq8fd9p_13r0000gn/T/verification-npm-fixture-sXe3fx/candidates/verification-archive-hxT2TR/toolchain/node/bin/node"}
[verification-tool-phase] {"phase":"tool-exited","pid":14260,"parentPid":13483,"at":1791440549827,"toolPid":14261,"exitCode":0,"signal":null}
[verification-tool-phase] {"phase":"group-drained","pid":14260,"parentPid":13483,"at":1791440549845,"toolPid":14261}
[verification-tool-phase] {"phase":"monitor-closed","pid":13483,"parentPid":13482,"at":1791440549847,"monitorPid":14260,"exitCode":0,"signal":null}
[verification-tool-phase] {"phase":"monitor-spawned","pid":13483,"parentPid":13482,"at":1791440549943,"monitorPid":14263,"executable":"/private/var/folders/g_/3ydzn7kx5lg9ylq8fd9p_13r0000gn/T/verification-npm-fixture-sXe3fx/candidates/verification-archive-hxT2TR/toolchain/node/bin/node"}
[verification-tool-phase] {"phase":"tool-spawned","pid":14263,"parentPid":13483,"at":1791440549970,"toolPid":14264,"executable":"/private/var/folders/g_/3ydzn7kx5lg9ylq8fd9p_13r0000gn/T/verification-npm-fixture-sXe3fx/candidates/verification-archive-hxT2TR/toolchain/node/bin/node"}
[verification-tool-phase] {"phase":"tool-exited","pid":14263,"parentPid":13483,"at":1791440550060,"toolPid":14264,"exitCode":0,"signal":null}
[verification-tool-phase] {"phase":"group-drained","pid":14263,"parentPid":13483,"at":1791440550076,"toolPid":14264}
[verification-tool-phase] {"phase":"monitor-closed","pid":13483,"parentPid":13482,"at":1791440550078,"monitorPid":14263,"exitCode":0,"signal":null}
[verification-tool-phase] {"phase":"monitor-spawned","pid":13483,"parentPid":13482,"at":1791440550293,"monitorPid":14266,"executable":"/private/var/folders/g_/3ydzn7kx5lg9ylq8fd9p_13r0000gn/T/verification-npm-fixture-sXe3fx/candidates/verification-archive-hxT2TR/toolchain/node/bin/node"}
[verification-tool-phase] {"phase":"tool-spawned","pid":14266,"parentPid":13483,"at":1791440550319,"toolPid":14267,"executable":"/private/var/folders/g_/3ydzn7kx5lg9ylq8fd9p_13r0000gn/T/verification-npm-fixture-sXe3fx/candidates/verification-archive-hxT2TR/toolchain/node/bin/node"}
[verification-tool-phase] {"phase":"tool-exited","pid":14266,"parentPid":13483,"at":1791440550342,"toolPid":14267,"exitCode":0,"signal":null}
[verification-tool-phase] {"phase":"group-drained","pid":14266,"parentPid":13483,"at":1791440550385,"toolPid":14267}
[verification-tool-phase] {"phase":"monitor-closed","pid":13483,"parentPid":13482,"at":1791440550780,"monitorPid":14266,"exitCode":0,"signal":null}
[verification-fixture-phase] {"phase":"npm:archive-install-settled","pid":13483,"parentPid":13482,"elapsedMs":202682.086959,"archivePath":"/var/folders/g_/3ydzn7kx5lg9ylq8fd9p_13r0000gn/T/verification-npm-fixture-sXe3fx/tools.tar"}
[verification-fixture-phase] {"phase":"npm:fixture-dispose-enter","pid":13483,"parentPid":13482,"elapsedMs":202682.294167,"root":"/var/folders/g_/3ydzn7kx5lg9ylq8fd9p_13r0000gn/T/verification-npm-fixture-sXe3fx"}
[verification-fixture-phase] {"phase":"npm:fixture-disposed","pid":13483,"parentPid":13482,"elapsedMs":202936.191,"root":"/var/folders/g_/3ydzn7kx5lg9ylq8fd9p_13r0000gn/T/verification-npm-fixture-sXe3fx"}
[verification-test-start] {"pid":13483,"parentPid":13482,"entryFile":"/Users/yuanxi/Workwork/vibe-fs/requirements/verification-system/tests/016.test.mjs","name":"WHAT[verification-system-016] npm tool archive installation owns selected complete tools and locked dependencies through publication","fullName":"WHAT[verification-system-016] npm tool archive installation owns selected complete tools and locked dependencies through publication"}
[verification-test-start] {"pid":13483,"parentPid":13482,"entryFile":"/Users/yuanxi/Workwork/vibe-fs/requirements/verification-system/tests/016.test.mjs","name":"WHAT[verification-system-016] two actual locked registry packages preserve modes use the selected bundle layout and bind its complete identity after tools cleanup","fullName":"WHAT[verification-system-016] npm tool archive installation owns selected complete tools and locked dependencies through publication > WHAT[verification-system-016] two actual locked registry packages preserve modes use the selected bundle layout and bind its complete identity after tools cleanup"}
[verification-test-start] {"pid":13483,"parentPid":13482,"entryFile":"/Users/yuanxi/Workwork/vibe-fs/requirements/verification-system/tests/016.test.mjs","name":"WHAT[verification-system-016] complete selected Node and npm archive capture preserves locked inputs before execution","fullName":"WHAT[verification-system-016] npm tool archive installation owns selected complete tools and locked dependencies through publication > WHAT[verification-system-016] two actual locked registry packages preserve modes use the selected bundle layout and bind its complete identity after tools cleanup > WHAT[verification-system-016] complete selected Node and npm archive capture preserves locked inputs before execution"}
[verification-fixture-phase] {"phase":"npm:version-enter","pid":13483,"parentPid":13482,"elapsedMs":202937.371167,"npmCli":"/private/tmp/vibe-fs-t388-selected-npm/package/bin/npm-cli.js"}
[verification-fixture-phase] {"phase":"npm:version-completed","pid":13483,"parentPid":13482,"elapsedMs":202995.108542,"npmCli":"/private/tmp/vibe-fs-t388-selected-npm/package/bin/npm-cli.js","version":"11.12.1"}
[verification-fixture-phase] {"phase":"npm:registry-listening","pid":13483,"parentPid":13482,"elapsedMs":202997.324209,"root":"/var/folders/g_/3ydzn7kx5lg9ylq8fd9p_13r0000gn/T/verification-npm-fixture-GUnFpL","registry":"http://127.0.0.1:62130"}
[verification-fixture-phase] {"phase":"npm:tool-capture-enter","pid":13483,"parentPid":13482,"elapsedMs":203048.09075,"root":"/var/folders/g_/3ydzn7kx5lg9ylq8fd9p_13r0000gn/T/verification-npm-fixture-GUnFpL"}
[verification-fixture-phase] {"phase":"npm:tool-archive-written","pid":13483,"parentPid":13482,"elapsedMs":203428.227,"archivePath":"/var/folders/g_/3ydzn7kx5lg9ylq8fd9p_13r0000gn/T/verification-npm-fixture-GUnFpL/tools.tar","bytes":125545984}
[verification-fixture-phase] {"phase":"npm:archive-install-enter","pid":13483,"parentPid":13482,"elapsedMs":203848.526125,"archivePath":"/var/folders/g_/3ydzn7kx5lg9ylq8fd9p_13r0000gn/T/verification-npm-fixture-GUnFpL/tools.tar"}
[verification-test-start] {"pid":13483,"parentPid":13482,"entryFile":"/Users/yuanxi/Workwork/vibe-fs/requirements/verification-system/tests/016.test.mjs","name":"WHAT[verification-system-016] actual selected complete tools consume the locked request before its held tarball is released","fullName":"WHAT[verification-system-016] npm tool archive installation owns selected complete tools and locked dependencies through publication > WHAT[verification-system-016] two actual locked registry packages preserve modes use the selected bundle layout and bind its complete identity after tools cleanup > WHAT[verification-system-016] actual selected complete tools consume the locked request before its held tarball is released"}
[verification-tool-phase] {"phase":"monitor-spawned","pid":13483,"parentPid":13482,"at":1791440552484,"monitorPid":14270,"executable":"/private/var/folders/g_/3ydzn7kx5lg9ylq8fd9p_13r0000gn/T/verification-npm-fixture-GUnFpL/candidates/verification-archive-zQ85py/toolchain/node/bin/node"}
[verification-tool-phase] {"phase":"tool-spawned","pid":14270,"parentPid":13483,"at":1791440552517,"toolPid":14271,"executable":"/private/var/folders/g_/3ydzn7kx5lg9ylq8fd9p_13r0000gn/T/verification-npm-fixture-GUnFpL/candidates/verification-archive-zQ85py/toolchain/node/bin/node"}
[verification-tool-phase] {"phase":"tool-exited","pid":14270,"parentPid":13483,"at":1791440553599,"toolPid":14271,"exitCode":0,"signal":null}
[verification-tool-phase] {"phase":"group-drained","pid":14270,"parentPid":13483,"at":1791440553619,"toolPid":14271}
[verification-tool-phase] {"phase":"monitor-closed","pid":13483,"parentPid":13482,"at":1791440553620,"monitorPid":14270,"exitCode":0,"signal":null}
[verification-tool-phase] {"phase":"monitor-spawned","pid":13483,"parentPid":13482,"at":1791440553717,"monitorPid":14273,"executable":"/private/var/folders/g_/3ydzn7kx5lg9ylq8fd9p_13r0000gn/T/verification-npm-fixture-GUnFpL/candidates/verification-archive-zQ85py/toolchain/node/bin/node"}
[verification-tool-phase] {"phase":"tool-spawned","pid":14273,"parentPid":13483,"at":1791440553744,"toolPid":14274,"executable":"/private/var/folders/g_/3ydzn7kx5lg9ylq8fd9p_13r0000gn/T/verification-npm-fixture-GUnFpL/candidates/verification-archive-zQ85py/toolchain/node/bin/node"}
[verification-tool-phase] {"phase":"tool-exited","pid":14273,"parentPid":13483,"at":1791440553813,"toolPid":14274,"exitCode":0,"signal":null}
[verification-tool-phase] {"phase":"group-drained","pid":14273,"parentPid":13483,"at":1791440553830,"toolPid":14274}
[verification-tool-phase] {"phase":"monitor-closed","pid":13483,"parentPid":13482,"at":1791440553831,"monitorPid":14273,"exitCode":0,"signal":null}
[verification-tool-phase] {"phase":"monitor-spawned","pid":13483,"parentPid":13482,"at":1791440554046,"monitorPid":14276,"executable":"/private/var/folders/g_/3ydzn7kx5lg9ylq8fd9p_13r0000gn/T/verification-npm-fixture-GUnFpL/candidates/verification-archive-zQ85py/toolchain/node/bin/node"}
[verification-tool-phase] {"phase":"tool-spawned","pid":14276,"parentPid":13483,"at":1791440554072,"toolPid":14277,"executable":"/private/var/folders/g_/3ydzn7kx5lg9ylq8fd9p_13r0000gn/T/verification-npm-fixture-GUnFpL/candidates/verification-archive-zQ85py/toolchain/node/bin/node"}
[verification-tool-phase] {"phase":"tool-exited","pid":14276,"parentPid":13483,"at":1791440554095,"toolPid":14277,"exitCode":0,"signal":null}
[verification-tool-phase] {"phase":"group-drained","pid":14276,"parentPid":13483,"at":1791440554111,"toolPid":14277}
[verification-tool-phase] {"phase":"monitor-closed","pid":13483,"parentPid":13482,"at":1791440554112,"monitorPid":14276,"exitCode":0,"signal":null}
[verification-tool-phase] {"phase":"monitor-spawned","pid":13483,"parentPid":13482,"at":1791440554208,"monitorPid":14279,"executable":"/private/var/folders/g_/3ydzn7kx5lg9ylq8fd9p_13r0000gn/T/verification-npm-fixture-GUnFpL/candidates/verification-archive-zQ85py/toolchain/node/bin/node"}
[verification-tool-phase] {"phase":"tool-spawned","pid":14279,"parentPid":13483,"at":1791440554235,"toolPid":14280,"executable":"/private/var/folders/g_/3ydzn7kx5lg9ylq8fd9p_13r0000gn/T/verification-npm-fixture-GUnFpL/candidates/verification-archive-zQ85py/toolchain/node/bin/node"}
[verification-tool-phase] {"phase":"tool-exited","pid":14279,"parentPid":13483,"at":1791440554304,"toolPid":14280,"exitCode":0,"signal":null}
[verification-tool-phase] {"phase":"group-drained","pid":14279,"parentPid":13483,"at":1791440554320,"toolPid":14280}
[verification-tool-phase] {"phase":"monitor-closed","pid":13483,"parentPid":13482,"at":1791440554321,"monitorPid":14279,"exitCode":0,"signal":null}
[verification-tool-phase] {"phase":"monitor-spawned","pid":13483,"parentPid":13482,"at":1791440554419,"monitorPid":14282,"executable":"/private/var/folders/g_/3ydzn7kx5lg9ylq8fd9p_13r0000gn/T/verification-npm-fixture-GUnFpL/candidates/verification-archive-zQ85py/toolchain/node/bin/node"}
[verification-tool-phase] {"phase":"tool-spawned","pid":14282,"parentPid":13483,"at":1791440554445,"toolPid":14283,"executable":"/private/var/folders/g_/3ydzn7kx5lg9ylq8fd9p_13r0000gn/T/verification-npm-fixture-GUnFpL/candidates/verification-archive-zQ85py/toolchain/node/bin/node"}
[verification-fixture-phase] {"phase":"npm:registry-request","pid":13483,"parentPid":13482,"elapsedMs":206517.094334,"root":"/var/folders/g_/3ydzn7kx5lg9ylq8fd9p_13r0000gn/T/verification-npm-fixture-GUnFpL","method":"GET","path":"/wxs-fixture-leaf/-/wxs-fixture-leaf-1.0.0.tgz"}
[verification-test-start] {"pid":13483,"parentPid":13482,"entryFile":"/Users/yuanxi/Workwork/vibe-fs/requirements/verification-system/tests/016.test.mjs","name":"WHAT[verification-system-016] actual locked registry installation consumes the captured complete tool archive and reclaims selected tools","fullName":"WHAT[verification-system-016] npm tool archive installation owns selected complete tools and locked dependencies through publication > WHAT[verification-system-016] two actual locked registry packages preserve modes use the selected bundle layout and bind its complete identity after tools cleanup > WHAT[verification-system-016] actual locked registry installation consumes the captured complete tool archive and reclaims selected tools"}
[verification-fixture-phase] {"phase":"npm:registry-request","pid":13483,"parentPid":13482,"elapsedMs":206615.908417,"root":"/var/folders/g_/3ydzn7kx5lg9ylq8fd9p_13r0000gn/T/verification-npm-fixture-GUnFpL","method":"GET","path":"/wxs-fixture-parent/-/wxs-fixture-parent-1.0.0.tgz"}
[verification-tool-phase] {"phase":"tool-exited","pid":14282,"parentPid":13483,"at":1791440554789,"toolPid":14283,"exitCode":0,"signal":null}
[verification-tool-phase] {"phase":"group-drained","pid":14282,"parentPid":13483,"at":1791440554805,"toolPid":14283}
[verification-tool-phase] {"phase":"monitor-closed","pid":13483,"parentPid":13482,"at":1791440554807,"monitorPid":14282,"exitCode":0,"signal":null}
[verification-fixture-phase] {"phase":"npm:archive-install-settled","pid":13483,"parentPid":13482,"elapsedMs":207074.451625,"archivePath":"/var/folders/g_/3ydzn7kx5lg9ylq8fd9p_13r0000gn/T/verification-npm-fixture-GUnFpL/tools.tar"}
[verification-fixture-phase] {"phase":"npm:fixture-dispose-enter","pid":13483,"parentPid":13482,"elapsedMs":207101.699584,"root":"/var/folders/g_/3ydzn7kx5lg9ylq8fd9p_13r0000gn/T/verification-npm-fixture-GUnFpL"}
[verification-fixture-phase] {"phase":"npm:fixture-disposed","pid":13483,"parentPid":13482,"elapsedMs":207103.308917,"root":"/var/folders/g_/3ydzn7kx5lg9ylq8fd9p_13r0000gn/T/verification-npm-fixture-GUnFpL"}
[verification-test-start] {"pid":13483,"parentPid":13482,"entryFile":"/Users/yuanxi/Workwork/vibe-fs/requirements/verification-system/tests/016.test.mjs","name":"WHAT[verification-system-016] npm tool archive rejects non-CLI library bytes changed during a real held install and reclaims unpublished dependencies","fullName":"WHAT[verification-system-016] npm tool archive installation owns selected complete tools and locked dependencies through publication > WHAT[verification-system-016] npm tool archive rejects non-CLI library bytes changed during a real held install and reclaims unpublished dependencies"}
[verification-test-start] {"pid":13483,"parentPid":13482,"entryFile":"/Users/yuanxi/Workwork/vibe-fs/requirements/verification-system/tests/016.test.mjs","name":"WHAT[verification-system-016] complete selected Node and npm archive capture preserves locked inputs before execution","fullName":"WHAT[verification-system-016] npm tool archive installation owns selected complete tools and locked dependencies through publication > WHAT[verification-system-016] npm tool archive rejects non-CLI library bytes changed during a real held install and reclaims unpublished dependencies > WHAT[verification-system-016] complete selected Node and npm archive capture preserves locked inputs before execution"}
[verification-fixture-phase] {"phase":"npm:version-enter","pid":13483,"parentPid":13482,"elapsedMs":207104.402375,"npmCli":"/private/tmp/vibe-fs-t388-selected-npm/package/bin/npm-cli.js"}
[verification-fixture-phase] {"phase":"npm:version-completed","pid":13483,"parentPid":13482,"elapsedMs":207160.530709,"npmCli":"/private/tmp/vibe-fs-t388-selected-npm/package/bin/npm-cli.js","version":"11.12.1"}
[verification-fixture-phase] {"phase":"npm:registry-listening","pid":13483,"parentPid":13482,"elapsedMs":207161.815084,"root":"/var/folders/g_/3ydzn7kx5lg9ylq8fd9p_13r0000gn/T/verification-npm-fixture-oLRbmC","registry":"http://127.0.0.1:62138"}
[verification-fixture-phase] {"phase":"npm:tool-capture-enter","pid":13483,"parentPid":13482,"elapsedMs":207212.308334,"root":"/var/folders/g_/3ydzn7kx5lg9ylq8fd9p_13r0000gn/T/verification-npm-fixture-oLRbmC"}
[verification-fixture-phase] {"phase":"npm:tool-archive-written","pid":13483,"parentPid":13482,"elapsedMs":207587.392334,"archivePath":"/var/folders/g_/3ydzn7kx5lg9ylq8fd9p_13r0000gn/T/verification-npm-fixture-oLRbmC/tools.tar","bytes":125545984}
[verification-fixture-phase] {"phase":"npm:archive-install-enter","pid":13483,"parentPid":13482,"elapsedMs":208010.1855,"archivePath":"/var/folders/g_/3ydzn7kx5lg9ylq8fd9p_13r0000gn/T/verification-npm-fixture-oLRbmC/tools.tar"}
[verification-tool-phase] {"phase":"monitor-spawned","pid":13483,"parentPid":13482,"at":1791440556618,"monitorPid":14287,"executable":"/private/var/folders/g_/3ydzn7kx5lg9ylq8fd9p_13r0000gn/T/verification-npm-fixture-oLRbmC/candidates/verification-archive-Bf9Nff/toolchain/node/bin/node"}
[verification-tool-phase] {"phase":"tool-spawned","pid":14287,"parentPid":13483,"at":1791440556652,"toolPid":14288,"executable":"/private/var/folders/g_/3ydzn7kx5lg9ylq8fd9p_13r0000gn/T/verification-npm-fixture-oLRbmC/candidates/verification-archive-Bf9Nff/toolchain/node/bin/node"}
[verification-tool-phase] {"phase":"tool-exited","pid":14287,"parentPid":13483,"at":1791440557753,"toolPid":14288,"exitCode":0,"signal":null}
[verification-tool-phase] {"phase":"group-drained","pid":14287,"parentPid":13483,"at":1791440557773,"toolPid":14288}
[verification-tool-phase] {"phase":"monitor-closed","pid":13483,"parentPid":13482,"at":1791440557774,"monitorPid":14287,"exitCode":0,"signal":null}
[verification-tool-phase] {"phase":"monitor-spawned","pid":13483,"parentPid":13482,"at":1791440557876,"monitorPid":14291,"executable":"/private/var/folders/g_/3ydzn7kx5lg9ylq8fd9p_13r0000gn/T/verification-npm-fixture-oLRbmC/candidates/verification-archive-Bf9Nff/toolchain/node/bin/node"}
[verification-tool-phase] {"phase":"tool-spawned","pid":14291,"parentPid":13483,"at":1791440557903,"toolPid":14292,"executable":"/private/var/folders/g_/3ydzn7kx5lg9ylq8fd9p_13r0000gn/T/verification-npm-fixture-oLRbmC/candidates/verification-archive-Bf9Nff/toolchain/node/bin/node"}
[verification-tool-phase] {"phase":"tool-exited","pid":14291,"parentPid":13483,"at":1791440557975,"toolPid":14292,"exitCode":0,"signal":null}
[verification-tool-phase] {"phase":"group-drained","pid":14291,"parentPid":13483,"at":1791440557992,"toolPid":14292}
[verification-tool-phase] {"phase":"monitor-closed","pid":13483,"parentPid":13482,"at":1791440557994,"monitorPid":14291,"exitCode":0,"signal":null}
[verification-tool-phase] {"phase":"monitor-spawned","pid":13483,"parentPid":13482,"at":1791440558238,"monitorPid":14294,"executable":"/private/var/folders/g_/3ydzn7kx5lg9ylq8fd9p_13r0000gn/T/verification-npm-fixture-oLRbmC/candidates/verification-archive-Bf9Nff/toolchain/node/bin/node"}
[verification-tool-phase] {"phase":"tool-spawned","pid":14294,"parentPid":13483,"at":1791440558267,"toolPid":14295,"executable":"/private/var/folders/g_/3ydzn7kx5lg9ylq8fd9p_13r0000gn/T/verification-npm-fixture-oLRbmC/candidates/verification-archive-Bf9Nff/toolchain/node/bin/node"}
[verification-tool-phase] {"phase":"tool-exited","pid":14294,"parentPid":13483,"at":1791440558289,"toolPid":14295,"exitCode":0,"signal":null}
[verification-tool-phase] {"phase":"group-drained","pid":14294,"parentPid":13483,"at":1791440558305,"toolPid":14295}
[verification-tool-phase] {"phase":"monitor-closed","pid":13483,"parentPid":13482,"at":1791440558307,"monitorPid":14294,"exitCode":0,"signal":null}
[verification-tool-phase] {"phase":"monitor-spawned","pid":13483,"parentPid":13482,"at":1791440558407,"monitorPid":14297,"executable":"/private/var/folders/g_/3ydzn7kx5lg9ylq8fd9p_13r0000gn/T/verification-npm-fixture-oLRbmC/candidates/verification-archive-Bf9Nff/toolchain/node/bin/node"}
[verification-tool-phase] {"phase":"tool-spawned","pid":14297,"parentPid":13483,"at":1791440558432,"toolPid":14298,"executable":"/private/var/folders/g_/3ydzn7kx5lg9ylq8fd9p_13r0000gn/T/verification-npm-fixture-oLRbmC/candidates/verification-archive-Bf9Nff/toolchain/node/bin/node"}
[verification-tool-phase] {"phase":"tool-exited","pid":14297,"parentPid":13483,"at":1791440558502,"toolPid":14298,"exitCode":0,"signal":null}
[verification-tool-phase] {"phase":"group-drained","pid":14297,"parentPid":13483,"at":1791440558518,"toolPid":14298}
[verification-tool-phase] {"phase":"monitor-closed","pid":13483,"parentPid":13482,"at":1791440558519,"monitorPid":14297,"exitCode":0,"signal":null}
[verification-tool-phase] {"phase":"monitor-spawned","pid":13483,"parentPid":13482,"at":1791440558616,"monitorPid":14300,"executable":"/private/var/folders/g_/3ydzn7kx5lg9ylq8fd9p_13r0000gn/T/verification-npm-fixture-oLRbmC/candidates/verification-archive-Bf9Nff/toolchain/node/bin/node"}
[verification-tool-phase] {"phase":"tool-spawned","pid":14300,"parentPid":13483,"at":1791440558642,"toolPid":14301,"executable":"/private/var/folders/g_/3ydzn7kx5lg9ylq8fd9p_13r0000gn/T/verification-npm-fixture-oLRbmC/candidates/verification-archive-Bf9Nff/toolchain/node/bin/node"}
[verification-fixture-phase] {"phase":"npm:registry-request","pid":13483,"parentPid":13482,"elapsedMs":210723.335625,"root":"/var/folders/g_/3ydzn7kx5lg9ylq8fd9p_13r0000gn/T/verification-npm-fixture-oLRbmC","method":"GET","path":"/wxs-fixture-leaf/-/wxs-fixture-leaf-1.0.0.tgz"}
[verification-fixture-phase] {"phase":"npm:registry-request","pid":13483,"parentPid":13482,"elapsedMs":210823.27375,"root":"/var/folders/g_/3ydzn7kx5lg9ylq8fd9p_13r0000gn/T/verification-npm-fixture-oLRbmC","method":"GET","path":"/wxs-fixture-parent/-/wxs-fixture-parent-1.0.0.tgz"}
[verification-tool-phase] {"phase":"tool-exited","pid":14300,"parentPid":13483,"at":1791440559005,"toolPid":14301,"exitCode":0,"signal":null}
[verification-tool-phase] {"phase":"group-drained","pid":14300,"parentPid":13483,"at":1791440559021,"toolPid":14301}
[verification-tool-phase] {"phase":"monitor-closed","pid":13483,"parentPid":13482,"at":1791440559023,"monitorPid":14300,"exitCode":0,"signal":null}
[verification-fixture-phase] {"phase":"npm:archive-install-settled","pid":13483,"parentPid":13482,"elapsedMs":211169.650334,"archivePath":"/var/folders/g_/3ydzn7kx5lg9ylq8fd9p_13r0000gn/T/verification-npm-fixture-oLRbmC/tools.tar"}
[verification-fixture-phase] {"phase":"npm:fixture-dispose-enter","pid":13483,"parentPid":13482,"elapsedMs":211169.817917,"root":"/var/folders/g_/3ydzn7kx5lg9ylq8fd9p_13r0000gn/T/verification-npm-fixture-oLRbmC"}
[verification-fixture-phase] {"phase":"npm:fixture-disposed","pid":13483,"parentPid":13482,"elapsedMs":211172.091167,"root":"/var/folders/g_/3ydzn7kx5lg9ylq8fd9p_13r0000gn/T/verification-npm-fixture-oLRbmC"}
[verification-test-start] {"pid":13483,"parentPid":13482,"entryFile":"/Users/yuanxi/Workwork/vibe-fs/requirements/verification-system/tests/016.test.mjs","name":"WHAT[verification-system-016] npm tool archive rejects new tool member changed during a real held install and reclaims unpublished dependencies","fullName":"WHAT[verification-system-016] npm tool archive installation owns selected complete tools and locked dependencies through publication > WHAT[verification-system-016] npm tool archive rejects new tool member changed during a real held install and reclaims unpublished dependencies"}
[verification-test-start] {"pid":13483,"parentPid":13482,"entryFile":"/Users/yuanxi/Workwork/vibe-fs/requirements/verification-system/tests/016.test.mjs","name":"WHAT[verification-system-016] complete selected Node and npm archive capture preserves locked inputs before execution","fullName":"WHAT[verification-system-016] npm tool archive installation owns selected complete tools and locked dependencies through publication > WHAT[verification-system-016] npm tool archive rejects new tool member changed during a real held install and reclaims unpublished dependencies > WHAT[verification-system-016] complete selected Node and npm archive capture preserves locked inputs before execution"}
[verification-fixture-phase] {"phase":"npm:version-enter","pid":13483,"parentPid":13482,"elapsedMs":211172.783167,"npmCli":"/private/tmp/vibe-fs-t388-selected-npm/package/bin/npm-cli.js"}
[verification-fixture-phase] {"phase":"npm:version-completed","pid":13483,"parentPid":13482,"elapsedMs":211229.561167,"npmCli":"/private/tmp/vibe-fs-t388-selected-npm/package/bin/npm-cli.js","version":"11.12.1"}
[verification-fixture-phase] {"phase":"npm:registry-listening","pid":13483,"parentPid":13482,"elapsedMs":211230.804334,"root":"/var/folders/g_/3ydzn7kx5lg9ylq8fd9p_13r0000gn/T/verification-npm-fixture-56Fnnq","registry":"http://127.0.0.1:62143"}
[verification-fixture-phase] {"phase":"npm:tool-capture-enter","pid":13483,"parentPid":13482,"elapsedMs":211281.581875,"root":"/var/folders/g_/3ydzn7kx5lg9ylq8fd9p_13r0000gn/T/verification-npm-fixture-56Fnnq"}
[verification-fixture-phase] {"phase":"npm:tool-archive-written","pid":13483,"parentPid":13482,"elapsedMs":211656.886167,"archivePath":"/var/folders/g_/3ydzn7kx5lg9ylq8fd9p_13r0000gn/T/verification-npm-fixture-56Fnnq/tools.tar","bytes":125545984}
[verification-fixture-phase] {"phase":"npm:archive-install-enter","pid":13483,"parentPid":13482,"elapsedMs":212078.35,"archivePath":"/var/folders/g_/3ydzn7kx5lg9ylq8fd9p_13r0000gn/T/verification-npm-fixture-56Fnnq/tools.tar"}
[verification-tool-phase] {"phase":"monitor-spawned","pid":13483,"parentPid":13482,"at":1791440560682,"monitorPid":14304,"executable":"/private/var/folders/g_/3ydzn7kx5lg9ylq8fd9p_13r0000gn/T/verification-npm-fixture-56Fnnq/candidates/verification-archive-coe9Yv/toolchain/node/bin/node"}
[verification-tool-phase] {"phase":"tool-spawned","pid":14304,"parentPid":13483,"at":1791440560714,"toolPid":14305,"executable":"/private/var/folders/g_/3ydzn7kx5lg9ylq8fd9p_13r0000gn/T/verification-npm-fixture-56Fnnq/candidates/verification-archive-coe9Yv/toolchain/node/bin/node"}
[verification-tool-phase] {"phase":"tool-exited","pid":14304,"parentPid":13483,"at":1791440561985,"toolPid":14305,"exitCode":0,"signal":null}
[verification-tool-phase] {"phase":"group-drained","pid":14304,"parentPid":13483,"at":1791440562004,"toolPid":14305}
[verification-tool-phase] {"phase":"monitor-closed","pid":13483,"parentPid":13482,"at":1791440562005,"monitorPid":14304,"exitCode":0,"signal":null}
[verification-tool-phase] {"phase":"monitor-spawned","pid":13483,"parentPid":13482,"at":1791440562108,"monitorPid":14307,"executable":"/private/var/folders/g_/3ydzn7kx5lg9ylq8fd9p_13r0000gn/T/verification-npm-fixture-56Fnnq/candidates/verification-archive-coe9Yv/toolchain/node/bin/node"}
[verification-tool-phase] {"phase":"tool-spawned","pid":14307,"parentPid":13483,"at":1791440562134,"toolPid":14308,"executable":"/private/var/folders/g_/3ydzn7kx5lg9ylq8fd9p_13r0000gn/T/verification-npm-fixture-56Fnnq/candidates/verification-archive-coe9Yv/toolchain/node/bin/node"}
[verification-tool-phase] {"phase":"tool-exited","pid":14307,"parentPid":13483,"at":1791440562204,"toolPid":14308,"exitCode":0,"signal":null}
[verification-tool-phase] {"phase":"group-drained","pid":14307,"parentPid":13483,"at":1791440562221,"toolPid":14308}
[verification-tool-phase] {"phase":"monitor-closed","pid":13483,"parentPid":13482,"at":1791440562222,"monitorPid":14307,"exitCode":0,"signal":null}
[verification-tool-phase] {"phase":"monitor-spawned","pid":13483,"parentPid":13482,"at":1791440562439,"monitorPid":14310,"executable":"/private/var/folders/g_/3ydzn7kx5lg9ylq8fd9p_13r0000gn/T/verification-npm-fixture-56Fnnq/candidates/verification-archive-coe9Yv/toolchain/node/bin/node"}
[verification-tool-phase] {"phase":"tool-spawned","pid":14310,"parentPid":13483,"at":1791440562467,"toolPid":14311,"executable":"/private/var/folders/g_/3ydzn7kx5lg9ylq8fd9p_13r0000gn/T/verification-npm-fixture-56Fnnq/candidates/verification-archive-coe9Yv/toolchain/node/bin/node"}
[verification-tool-phase] {"phase":"tool-exited","pid":14310,"parentPid":13483,"at":1791440562489,"toolPid":14311,"exitCode":0,"signal":null}
[verification-tool-phase] {"phase":"group-drained","pid":14310,"parentPid":13483,"at":1791440562505,"toolPid":14311}
[verification-tool-phase] {"phase":"monitor-closed","pid":13483,"parentPid":13482,"at":1791440562507,"monitorPid":14310,"exitCode":0,"signal":null}
[verification-tool-phase] {"phase":"monitor-spawned","pid":13483,"parentPid":13482,"at":1791440562603,"monitorPid":14313,"executable":"/private/var/folders/g_/3ydzn7kx5lg9ylq8fd9p_13r0000gn/T/verification-npm-fixture-56Fnnq/candidates/verification-archive-coe9Yv/toolchain/node/bin/node"}
[verification-tool-phase] {"phase":"tool-spawned","pid":14313,"parentPid":13483,"at":1791440562630,"toolPid":14314,"executable":"/private/var/folders/g_/3ydzn7kx5lg9ylq8fd9p_13r0000gn/T/verification-npm-fixture-56Fnnq/candidates/verification-archive-coe9Yv/toolchain/node/bin/node"}
[verification-tool-phase] {"phase":"tool-exited","pid":14313,"parentPid":13483,"at":1791440562699,"toolPid":14314,"exitCode":0,"signal":null}
[verification-tool-phase] {"phase":"group-drained","pid":14313,"parentPid":13483,"at":1791440562716,"toolPid":14314}
[verification-tool-phase] {"phase":"monitor-closed","pid":13483,"parentPid":13482,"at":1791440562717,"monitorPid":14313,"exitCode":0,"signal":null}
[verification-tool-phase] {"phase":"monitor-spawned","pid":13483,"parentPid":13482,"at":1791440562816,"monitorPid":14316,"executable":"/private/var/folders/g_/3ydzn7kx5lg9ylq8fd9p_13r0000gn/T/verification-npm-fixture-56Fnnq/candidates/verification-archive-coe9Yv/toolchain/node/bin/node"}
[verification-tool-phase] {"phase":"tool-spawned","pid":14316,"parentPid":13483,"at":1791440562842,"toolPid":14317,"executable":"/private/var/folders/g_/3ydzn7kx5lg9ylq8fd9p_13r0000gn/T/verification-npm-fixture-56Fnnq/candidates/verification-archive-coe9Yv/toolchain/node/bin/node"}
[verification-fixture-phase] {"phase":"npm:registry-request","pid":13483,"parentPid":13482,"elapsedMs":214917.325625,"root":"/var/folders/g_/3ydzn7kx5lg9ylq8fd9p_13r0000gn/T/verification-npm-fixture-56Fnnq","method":"GET","path":"/wxs-fixture-leaf/-/wxs-fixture-leaf-1.0.0.tgz"}
[verification-fixture-phase] {"phase":"npm:registry-request","pid":13483,"parentPid":13482,"elapsedMs":215015.590167,"root":"/var/folders/g_/3ydzn7kx5lg9ylq8fd9p_13r0000gn/T/verification-npm-fixture-56Fnnq","method":"GET","path":"/wxs-fixture-parent/-/wxs-fixture-parent-1.0.0.tgz"}
[verification-tool-phase] {"phase":"tool-exited","pid":14316,"parentPid":13483,"at":1791440563186,"toolPid":14317,"exitCode":0,"signal":null}
[verification-tool-phase] {"phase":"group-drained","pid":14316,"parentPid":13483,"at":1791440563202,"toolPid":14317}
[verification-tool-phase] {"phase":"monitor-closed","pid":13483,"parentPid":13482,"at":1791440563204,"monitorPid":14316,"exitCode":0,"signal":null}
[verification-fixture-phase] {"phase":"npm:archive-install-settled","pid":13483,"parentPid":13482,"elapsedMs":215308.831625,"archivePath":"/var/folders/g_/3ydzn7kx5lg9ylq8fd9p_13r0000gn/T/verification-npm-fixture-56Fnnq/tools.tar"}
[verification-fixture-phase] {"phase":"npm:fixture-dispose-enter","pid":13483,"parentPid":13482,"elapsedMs":215308.999209,"root":"/var/folders/g_/3ydzn7kx5lg9ylq8fd9p_13r0000gn/T/verification-npm-fixture-56Fnnq"}
[verification-fixture-phase] {"phase":"npm:fixture-disposed","pid":13483,"parentPid":13482,"elapsedMs":215310.750167,"root":"/var/folders/g_/3ydzn7kx5lg9ylq8fd9p_13r0000gn/T/verification-npm-fixture-56Fnnq"}
[verification-test-start] {"pid":13483,"parentPid":13482,"entryFile":"/Users/yuanxi/Workwork/vibe-fs/requirements/verification-system/tests/016.test.mjs","name":"WHAT[verification-system-016] npm tool archive held install cancellation preserves Error and reclaims tools installation and dependencies","fullName":"WHAT[verification-system-016] npm tool archive installation owns selected complete tools and locked dependencies through publication > WHAT[verification-system-016] npm tool archive held install cancellation preserves Error and reclaims tools installation and dependencies"}
[verification-test-start] {"pid":13483,"parentPid":13482,"entryFile":"/Users/yuanxi/Workwork/vibe-fs/requirements/verification-system/tests/016.test.mjs","name":"WHAT[verification-system-016] complete selected Node and npm archive capture preserves locked inputs before execution","fullName":"WHAT[verification-system-016] npm tool archive installation owns selected complete tools and locked dependencies through publication > WHAT[verification-system-016] npm tool archive held install cancellation preserves Error and reclaims tools installation and dependencies > WHAT[verification-system-016] complete selected Node and npm archive capture preserves locked inputs before execution"}
[verification-fixture-phase] {"phase":"npm:version-enter","pid":13483,"parentPid":13482,"elapsedMs":215311.445667,"npmCli":"/private/tmp/vibe-fs-t388-selected-npm/package/bin/npm-cli.js"}
[verification-fixture-phase] {"phase":"npm:version-completed","pid":13483,"parentPid":13482,"elapsedMs":215368.473042,"npmCli":"/private/tmp/vibe-fs-t388-selected-npm/package/bin/npm-cli.js","version":"11.12.1"}
[verification-fixture-phase] {"phase":"npm:registry-listening","pid":13483,"parentPid":13482,"elapsedMs":215369.679875,"root":"/var/folders/g_/3ydzn7kx5lg9ylq8fd9p_13r0000gn/T/verification-npm-fixture-VMzV40","registry":"http://127.0.0.1:62150"}
[verification-fixture-phase] {"phase":"npm:tool-capture-enter","pid":13483,"parentPid":13482,"elapsedMs":215420.317875,"root":"/var/folders/g_/3ydzn7kx5lg9ylq8fd9p_13r0000gn/T/verification-npm-fixture-VMzV40"}
[verification-fixture-phase] {"phase":"npm:tool-archive-written","pid":13483,"parentPid":13482,"elapsedMs":215790.8235,"archivePath":"/var/folders/g_/3ydzn7kx5lg9ylq8fd9p_13r0000gn/T/verification-npm-fixture-VMzV40/tools.tar","bytes":125545984}
[verification-fixture-phase] {"phase":"npm:archive-install-enter","pid":13483,"parentPid":13482,"elapsedMs":216214.471,"archivePath":"/var/folders/g_/3ydzn7kx5lg9ylq8fd9p_13r0000gn/T/verification-npm-fixture-VMzV40/tools.tar"}
[verification-tool-phase] {"phase":"monitor-spawned","pid":13483,"parentPid":13482,"at":1791440564822,"monitorPid":14320,"executable":"/private/var/folders/g_/3ydzn7kx5lg9ylq8fd9p_13r0000gn/T/verification-npm-fixture-VMzV40/candidates/verification-archive-FWiesK/toolchain/node/bin/node"}
[verification-tool-phase] {"phase":"tool-spawned","pid":14320,"parentPid":13483,"at":1791440564854,"toolPid":14321,"executable":"/private/var/folders/g_/3ydzn7kx5lg9ylq8fd9p_13r0000gn/T/verification-npm-fixture-VMzV40/candidates/verification-archive-FWiesK/toolchain/node/bin/node"}
[verification-tool-phase] {"phase":"tool-exited","pid":14320,"parentPid":13483,"at":1791440565945,"toolPid":14321,"exitCode":0,"signal":null}
[verification-tool-phase] {"phase":"group-drained","pid":14320,"parentPid":13483,"at":1791440565964,"toolPid":14321}
[verification-tool-phase] {"phase":"monitor-closed","pid":13483,"parentPid":13482,"at":1791440565966,"monitorPid":14320,"exitCode":0,"signal":null}
[verification-tool-phase] {"phase":"monitor-spawned","pid":13483,"parentPid":13482,"at":1791440566072,"monitorPid":14323,"executable":"/private/var/folders/g_/3ydzn7kx5lg9ylq8fd9p_13r0000gn/T/verification-npm-fixture-VMzV40/candidates/verification-archive-FWiesK/toolchain/node/bin/node"}
[verification-tool-phase] {"phase":"tool-spawned","pid":14323,"parentPid":13483,"at":1791440566100,"toolPid":14324,"executable":"/private/var/folders/g_/3ydzn7kx5lg9ylq8fd9p_13r0000gn/T/verification-npm-fixture-VMzV40/candidates/verification-archive-FWiesK/toolchain/node/bin/node"}
[verification-tool-phase] {"phase":"tool-exited","pid":14323,"parentPid":13483,"at":1791440566180,"toolPid":14324,"exitCode":0,"signal":null}
[verification-tool-phase] {"phase":"group-drained","pid":14323,"parentPid":13483,"at":1791440566197,"toolPid":14324}
[verification-tool-phase] {"phase":"monitor-closed","pid":13483,"parentPid":13482,"at":1791440566199,"monitorPid":14323,"exitCode":0,"signal":null}
[verification-tool-phase] {"phase":"monitor-spawned","pid":13483,"parentPid":13482,"at":1791440566430,"monitorPid":14326,"executable":"/private/var/folders/g_/3ydzn7kx5lg9ylq8fd9p_13r0000gn/T/verification-npm-fixture-VMzV40/candidates/verification-archive-FWiesK/toolchain/node/bin/node"}
[verification-tool-phase] {"phase":"tool-spawned","pid":14326,"parentPid":13483,"at":1791440566457,"toolPid":14327,"executable":"/private/var/folders/g_/3ydzn7kx5lg9ylq8fd9p_13r0000gn/T/verification-npm-fixture-VMzV40/candidates/verification-archive-FWiesK/toolchain/node/bin/node"}
[verification-tool-phase] {"phase":"tool-exited","pid":14326,"parentPid":13483,"at":1791440566479,"toolPid":14327,"exitCode":0,"signal":null}
[verification-tool-phase] {"phase":"group-drained","pid":14326,"parentPid":13483,"at":1791440566496,"toolPid":14327}
[verification-tool-phase] {"phase":"monitor-closed","pid":13483,"parentPid":13482,"at":1791440566498,"monitorPid":14326,"exitCode":0,"signal":null}
[verification-tool-phase] {"phase":"monitor-spawned","pid":13483,"parentPid":13482,"at":1791440566595,"monitorPid":14329,"executable":"/private/var/folders/g_/3ydzn7kx5lg9ylq8fd9p_13r0000gn/T/verification-npm-fixture-VMzV40/candidates/verification-archive-FWiesK/toolchain/node/bin/node"}
[verification-tool-phase] {"phase":"tool-spawned","pid":14329,"parentPid":13483,"at":1791440566624,"toolPid":14330,"executable":"/private/var/folders/g_/3ydzn7kx5lg9ylq8fd9p_13r0000gn/T/verification-npm-fixture-VMzV40/candidates/verification-archive-FWiesK/toolchain/node/bin/node"}
[verification-tool-phase] {"phase":"tool-exited","pid":14329,"parentPid":13483,"at":1791440566696,"toolPid":14330,"exitCode":0,"signal":null}
[verification-tool-phase] {"phase":"group-drained","pid":14329,"parentPid":13483,"at":1791440566713,"toolPid":14330}
[verification-tool-phase] {"phase":"monitor-closed","pid":13483,"parentPid":13482,"at":1791440566714,"monitorPid":14329,"exitCode":0,"signal":null}
[verification-tool-phase] {"phase":"monitor-spawned","pid":13483,"parentPid":13482,"at":1791440566810,"monitorPid":14332,"executable":"/private/var/folders/g_/3ydzn7kx5lg9ylq8fd9p_13r0000gn/T/verification-npm-fixture-VMzV40/candidates/verification-archive-FWiesK/toolchain/node/bin/node"}
[verification-tool-phase] {"phase":"tool-spawned","pid":14332,"parentPid":13483,"at":1791440566838,"toolPid":14333,"executable":"/private/var/folders/g_/3ydzn7kx5lg9ylq8fd9p_13r0000gn/T/verification-npm-fixture-VMzV40/candidates/verification-archive-FWiesK/toolchain/node/bin/node"}
[verification-fixture-phase] {"phase":"npm:registry-request","pid":13483,"parentPid":13482,"elapsedMs":218919.910625,"root":"/var/folders/g_/3ydzn7kx5lg9ylq8fd9p_13r0000gn/T/verification-npm-fixture-VMzV40","method":"GET","path":"/wxs-fixture-leaf/-/wxs-fixture-leaf-1.0.0.tgz"}
[verification-fixture-phase] {"phase":"npm:registry-request","pid":13483,"parentPid":13482,"elapsedMs":219018.252042,"root":"/var/folders/g_/3ydzn7kx5lg9ylq8fd9p_13r0000gn/T/verification-npm-fixture-VMzV40","method":"GET","path":"/wxs-fixture-parent/-/wxs-fixture-parent-1.0.0.tgz"}
[verification-tool-phase] {"phase":"tool-exited","pid":14332,"parentPid":13483,"at":1791440567120,"toolPid":14333,"exitCode":null,"signal":"SIGKILL"}
[verification-tool-phase] {"phase":"group-drained","pid":14332,"parentPid":13483,"at":1791440567138,"toolPid":14333}
[verification-tool-phase] {"phase":"monitor-closed","pid":13483,"parentPid":13482,"at":1791440567140,"monitorPid":14332,"exitCode":0,"signal":null}
[verification-fixture-phase] {"phase":"npm:archive-install-settled","pid":13483,"parentPid":13482,"elapsedMs":219169.352834,"archivePath":"/var/folders/g_/3ydzn7kx5lg9ylq8fd9p_13r0000gn/T/verification-npm-fixture-VMzV40/tools.tar"}
[verification-fixture-phase] {"phase":"npm:fixture-dispose-enter","pid":13483,"parentPid":13482,"elapsedMs":219169.525959,"root":"/var/folders/g_/3ydzn7kx5lg9ylq8fd9p_13r0000gn/T/verification-npm-fixture-VMzV40"}
[verification-fixture-phase] {"phase":"npm:fixture-disposed","pid":13483,"parentPid":13482,"elapsedMs":219172.262334,"root":"/var/folders/g_/3ydzn7kx5lg9ylq8fd9p_13r0000gn/T/verification-npm-fixture-VMzV40"}
[verification-test-start] {"pid":13483,"parentPid":13482,"entryFile":"/Users/yuanxi/Workwork/vibe-fs/requirements/verification-system/tests/016.test.mjs","name":"WHAT[verification-system-016] npm tool archive held install cancellation preserves null and reclaims tools installation and dependencies","fullName":"WHAT[verification-system-016] npm tool archive installation owns selected complete tools and locked dependencies through publication > WHAT[verification-system-016] npm tool archive held install cancellation preserves null and reclaims tools installation and dependencies"}
[verification-test-start] {"pid":13483,"parentPid":13482,"entryFile":"/Users/yuanxi/Workwork/vibe-fs/requirements/verification-system/tests/016.test.mjs","name":"WHAT[verification-system-016] complete selected Node and npm archive capture preserves locked inputs before execution","fullName":"WHAT[verification-system-016] npm tool archive installation owns selected complete tools and locked dependencies through publication > WHAT[verification-system-016] npm tool archive held install cancellation preserves null and reclaims tools installation and dependencies > WHAT[verification-system-016] complete selected Node and npm archive capture preserves locked inputs before execution"}
[verification-fixture-phase] {"phase":"npm:version-enter","pid":13483,"parentPid":13482,"elapsedMs":219172.886042,"npmCli":"/private/tmp/vibe-fs-t388-selected-npm/package/bin/npm-cli.js"}
[verification-fixture-phase] {"phase":"npm:version-completed","pid":13483,"parentPid":13482,"elapsedMs":219231.957167,"npmCli":"/private/tmp/vibe-fs-t388-selected-npm/package/bin/npm-cli.js","version":"11.12.1"}
[verification-fixture-phase] {"phase":"npm:registry-listening","pid":13483,"parentPid":13482,"elapsedMs":219233.179125,"root":"/var/folders/g_/3ydzn7kx5lg9ylq8fd9p_13r0000gn/T/verification-npm-fixture-HFgRiJ","registry":"http://127.0.0.1:62157"}
[verification-fixture-phase] {"phase":"npm:tool-capture-enter","pid":13483,"parentPid":13482,"elapsedMs":219283.912167,"root":"/var/folders/g_/3ydzn7kx5lg9ylq8fd9p_13r0000gn/T/verification-npm-fixture-HFgRiJ"}
[verification-fixture-phase] {"phase":"npm:tool-archive-written","pid":13483,"parentPid":13482,"elapsedMs":219660.781667,"archivePath":"/var/folders/g_/3ydzn7kx5lg9ylq8fd9p_13r0000gn/T/verification-npm-fixture-HFgRiJ/tools.tar","bytes":125545984}
[verification-fixture-phase] {"phase":"npm:archive-install-enter","pid":13483,"parentPid":13482,"elapsedMs":220081.857792,"archivePath":"/var/folders/g_/3ydzn7kx5lg9ylq8fd9p_13r0000gn/T/verification-npm-fixture-HFgRiJ/tools.tar"}
[verification-tool-phase] {"phase":"monitor-spawned","pid":13483,"parentPid":13482,"at":1791440568690,"monitorPid":14336,"executable":"/private/var/folders/g_/3ydzn7kx5lg9ylq8fd9p_13r0000gn/T/verification-npm-fixture-HFgRiJ/candidates/verification-archive-Ys8Hd2/toolchain/node/bin/node"}
[verification-tool-phase] {"phase":"tool-spawned","pid":14336,"parentPid":13483,"at":1791440568722,"toolPid":14337,"executable":"/private/var/folders/g_/3ydzn7kx5lg9ylq8fd9p_13r0000gn/T/verification-npm-fixture-HFgRiJ/candidates/verification-archive-Ys8Hd2/toolchain/node/bin/node"}
[verification-tool-phase] {"phase":"tool-exited","pid":14336,"parentPid":13483,"at":1791440570416,"toolPid":14337,"exitCode":0,"signal":null}
[verification-tool-phase] {"phase":"group-drained","pid":14336,"parentPid":13483,"at":1791440570436,"toolPid":14337}
[verification-tool-phase] {"phase":"monitor-closed","pid":13483,"parentPid":13482,"at":1791440570438,"monitorPid":14336,"exitCode":0,"signal":null}
[verification-tool-phase] {"phase":"monitor-spawned","pid":13483,"parentPid":13482,"at":1791440570541,"monitorPid":14339,"executable":"/private/var/folders/g_/3ydzn7kx5lg9ylq8fd9p_13r0000gn/T/verification-npm-fixture-HFgRiJ/candidates/verification-archive-Ys8Hd2/toolchain/node/bin/node"}
[verification-tool-phase] {"phase":"tool-spawned","pid":14339,"parentPid":13483,"at":1791440570569,"toolPid":14340,"executable":"/private/var/folders/g_/3ydzn7kx5lg9ylq8fd9p_13r0000gn/T/verification-npm-fixture-HFgRiJ/candidates/verification-archive-Ys8Hd2/toolchain/node/bin/node"}
[verification-tool-phase] {"phase":"tool-exited","pid":14339,"parentPid":13483,"at":1791440570647,"toolPid":14340,"exitCode":0,"signal":null}
[verification-tool-phase] {"phase":"group-drained","pid":14339,"parentPid":13483,"at":1791440570664,"toolPid":14340}
[verification-tool-phase] {"phase":"monitor-closed","pid":13483,"parentPid":13482,"at":1791440570666,"monitorPid":14339,"exitCode":0,"signal":null}
[verification-tool-phase] {"phase":"monitor-spawned","pid":13483,"parentPid":13482,"at":1791440570898,"monitorPid":14342,"executable":"/private/var/folders/g_/3ydzn7kx5lg9ylq8fd9p_13r0000gn/T/verification-npm-fixture-HFgRiJ/candidates/verification-archive-Ys8Hd2/toolchain/node/bin/node"}
[verification-tool-phase] {"phase":"tool-spawned","pid":14342,"parentPid":13483,"at":1791440570926,"toolPid":14343,"executable":"/private/var/folders/g_/3ydzn7kx5lg9ylq8fd9p_13r0000gn/T/verification-npm-fixture-HFgRiJ/candidates/verification-archive-Ys8Hd2/toolchain/node/bin/node"}
[verification-tool-phase] {"phase":"tool-exited","pid":14342,"parentPid":13483,"at":1791440570950,"toolPid":14343,"exitCode":0,"signal":null}
[verification-tool-phase] {"phase":"group-drained","pid":14342,"parentPid":13483,"at":1791440570966,"toolPid":14343}
[verification-tool-phase] {"phase":"monitor-closed","pid":13483,"parentPid":13482,"at":1791440570968,"monitorPid":14342,"exitCode":0,"signal":null}
[verification-tool-phase] {"phase":"monitor-spawned","pid":13483,"parentPid":13482,"at":1791440571066,"monitorPid":14345,"executable":"/private/var/folders/g_/3ydzn7kx5lg9ylq8fd9p_13r0000gn/T/verification-npm-fixture-HFgRiJ/candidates/verification-archive-Ys8Hd2/toolchain/node/bin/node"}
[verification-tool-phase] {"phase":"tool-spawned","pid":14345,"parentPid":13483,"at":1791440571094,"toolPid":14346,"executable":"/private/var/folders/g_/3ydzn7kx5lg9ylq8fd9p_13r0000gn/T/verification-npm-fixture-HFgRiJ/candidates/verification-archive-Ys8Hd2/toolchain/node/bin/node"}
[verification-tool-phase] {"phase":"tool-exited","pid":14345,"parentPid":13483,"at":1791440571163,"toolPid":14346,"exitCode":0,"signal":null}
[verification-tool-phase] {"phase":"group-drained","pid":14345,"parentPid":13483,"at":1791440571181,"toolPid":14346}
[verification-tool-phase] {"phase":"monitor-closed","pid":13483,"parentPid":13482,"at":1791440571182,"monitorPid":14345,"exitCode":0,"signal":null}
[verification-tool-phase] {"phase":"monitor-spawned","pid":13483,"parentPid":13482,"at":1791440571279,"monitorPid":14348,"executable":"/private/var/folders/g_/3ydzn7kx5lg9ylq8fd9p_13r0000gn/T/verification-npm-fixture-HFgRiJ/candidates/verification-archive-Ys8Hd2/toolchain/node/bin/node"}
[verification-tool-phase] {"phase":"tool-spawned","pid":14348,"parentPid":13483,"at":1791440571307,"toolPid":14349,"executable":"/private/var/folders/g_/3ydzn7kx5lg9ylq8fd9p_13r0000gn/T/verification-npm-fixture-HFgRiJ/candidates/verification-archive-Ys8Hd2/toolchain/node/bin/node"}
[verification-fixture-phase] {"phase":"npm:registry-request","pid":13483,"parentPid":13482,"elapsedMs":223386.418542,"root":"/var/folders/g_/3ydzn7kx5lg9ylq8fd9p_13r0000gn/T/verification-npm-fixture-HFgRiJ","method":"GET","path":"/wxs-fixture-leaf/-/wxs-fixture-leaf-1.0.0.tgz"}
[verification-fixture-phase] {"phase":"npm:registry-request","pid":13483,"parentPid":13482,"elapsedMs":223485.317,"root":"/var/folders/g_/3ydzn7kx5lg9ylq8fd9p_13r0000gn/T/verification-npm-fixture-HFgRiJ","method":"GET","path":"/wxs-fixture-parent/-/wxs-fixture-parent-1.0.0.tgz"}
[verification-tool-phase] {"phase":"tool-exited","pid":14348,"parentPid":13483,"at":1791440571587,"toolPid":14349,"exitCode":null,"signal":"SIGKILL"}
[verification-tool-phase] {"phase":"group-drained","pid":14348,"parentPid":13483,"at":1791440571605,"toolPid":14349}
[verification-tool-phase] {"phase":"monitor-closed","pid":13483,"parentPid":13482,"at":1791440571606,"monitorPid":14348,"exitCode":0,"signal":null}
[verification-fixture-phase] {"phase":"npm:archive-install-settled","pid":13483,"parentPid":13482,"elapsedMs":223692.18675,"archivePath":"/var/folders/g_/3ydzn7kx5lg9ylq8fd9p_13r0000gn/T/verification-npm-fixture-HFgRiJ/tools.tar"}
[verification-fixture-phase] {"phase":"npm:fixture-dispose-enter","pid":13483,"parentPid":13482,"elapsedMs":223692.367709,"root":"/var/folders/g_/3ydzn7kx5lg9ylq8fd9p_13r0000gn/T/verification-npm-fixture-HFgRiJ"}
[verification-fixture-phase] {"phase":"npm:fixture-disposed","pid":13483,"parentPid":13482,"elapsedMs":223695.207042,"root":"/var/folders/g_/3ydzn7kx5lg9ylq8fd9p_13r0000gn/T/verification-npm-fixture-HFgRiJ"}
[verification-test-start] {"pid":13483,"parentPid":13482,"entryFile":"/Users/yuanxi/Workwork/vibe-fs/requirements/verification-system/tests/016.test.mjs","name":"WHAT[verification-system-016] npm tool archive rejects a mismatched actual Node version before registry execution","fullName":"WHAT[verification-system-016] npm tool archive installation owns selected complete tools and locked dependencies through publication > WHAT[verification-system-016] npm tool archive rejects a mismatched actual Node version before registry execution"}
[verification-test-start] {"pid":13483,"parentPid":13482,"entryFile":"/Users/yuanxi/Workwork/vibe-fs/requirements/verification-system/tests/016.test.mjs","name":"WHAT[verification-system-016] complete selected Node and npm archive capture preserves locked inputs before execution","fullName":"WHAT[verification-system-016] npm tool archive installation owns selected complete tools and locked dependencies through publication > WHAT[verification-system-016] npm tool archive rejects a mismatched actual Node version before registry execution > WHAT[verification-system-016] complete selected Node and npm archive capture preserves locked inputs before execution"}
[verification-fixture-phase] {"phase":"npm:version-enter","pid":13483,"parentPid":13482,"elapsedMs":223695.886334,"npmCli":"/private/tmp/vibe-fs-t388-selected-npm/package/bin/npm-cli.js"}
[verification-fixture-phase] {"phase":"npm:version-completed","pid":13483,"parentPid":13482,"elapsedMs":223754.430375,"npmCli":"/private/tmp/vibe-fs-t388-selected-npm/package/bin/npm-cli.js","version":"11.12.1"}
[verification-fixture-phase] {"phase":"npm:registry-listening","pid":13483,"parentPid":13482,"elapsedMs":223755.65175,"root":"/var/folders/g_/3ydzn7kx5lg9ylq8fd9p_13r0000gn/T/verification-npm-fixture-i0yy6S","registry":"http://127.0.0.1:62163"}
[verification-fixture-phase] {"phase":"npm:tool-capture-enter","pid":13483,"parentPid":13482,"elapsedMs":223807.552959,"root":"/var/folders/g_/3ydzn7kx5lg9ylq8fd9p_13r0000gn/T/verification-npm-fixture-i0yy6S"}
[verification-fixture-phase] {"phase":"npm:tool-archive-written","pid":13483,"parentPid":13482,"elapsedMs":224178.824417,"archivePath":"/var/folders/g_/3ydzn7kx5lg9ylq8fd9p_13r0000gn/T/verification-npm-fixture-i0yy6S/tools.tar","bytes":125545984}
[verification-fixture-phase] {"phase":"npm:archive-install-enter","pid":13483,"parentPid":13482,"elapsedMs":224598.335375,"archivePath":"/var/folders/g_/3ydzn7kx5lg9ylq8fd9p_13r0000gn/T/verification-npm-fixture-i0yy6S/tools.tar"}
[verification-tool-phase] {"phase":"monitor-spawned","pid":13483,"parentPid":13482,"at":1791440573194,"monitorPid":14352,"executable":"/private/var/folders/g_/3ydzn7kx5lg9ylq8fd9p_13r0000gn/T/verification-npm-fixture-i0yy6S/candidates/verification-archive-nLIThg/toolchain/node/bin/node"}
[verification-tool-phase] {"phase":"tool-spawned","pid":14352,"parentPid":13483,"at":1791440573227,"toolPid":14353,"executable":"/private/var/folders/g_/3ydzn7kx5lg9ylq8fd9p_13r0000gn/T/verification-npm-fixture-i0yy6S/candidates/verification-archive-nLIThg/toolchain/node/bin/node"}
[verification-tool-phase] {"phase":"tool-exited","pid":14352,"parentPid":13483,"at":1791440574310,"toolPid":14353,"exitCode":0,"signal":null}
[verification-tool-phase] {"phase":"group-drained","pid":14352,"parentPid":13483,"at":1791440574329,"toolPid":14353}
[verification-tool-phase] {"phase":"monitor-closed","pid":13483,"parentPid":13482,"at":1791440574330,"monitorPid":14352,"exitCode":0,"signal":null}
[verification-tool-phase] {"phase":"monitor-spawned","pid":13483,"parentPid":13482,"at":1791440574428,"monitorPid":14355,"executable":"/private/var/folders/g_/3ydzn7kx5lg9ylq8fd9p_13r0000gn/T/verification-npm-fixture-i0yy6S/candidates/verification-archive-nLIThg/toolchain/node/bin/node"}
[verification-tool-phase] {"phase":"tool-spawned","pid":14355,"parentPid":13483,"at":1791440574454,"toolPid":14356,"executable":"/private/var/folders/g_/3ydzn7kx5lg9ylq8fd9p_13r0000gn/T/verification-npm-fixture-i0yy6S/candidates/verification-archive-nLIThg/toolchain/node/bin/node"}
[verification-tool-phase] {"phase":"tool-exited","pid":14355,"parentPid":13483,"at":1791440574525,"toolPid":14356,"exitCode":0,"signal":null}
[verification-tool-phase] {"phase":"group-drained","pid":14355,"parentPid":13483,"at":1791440574542,"toolPid":14356}
[verification-tool-phase] {"phase":"monitor-closed","pid":13483,"parentPid":13482,"at":1791440574543,"monitorPid":14355,"exitCode":0,"signal":null}
[verification-fixture-phase] {"phase":"npm:archive-install-settled","pid":13483,"parentPid":13482,"elapsedMs":226668.198875,"archivePath":"/var/folders/g_/3ydzn7kx5lg9ylq8fd9p_13r0000gn/T/verification-npm-fixture-i0yy6S/tools.tar"}
[verification-fixture-phase] {"phase":"npm:fixture-dispose-enter","pid":13483,"parentPid":13482,"elapsedMs":226668.321375,"root":"/var/folders/g_/3ydzn7kx5lg9ylq8fd9p_13r0000gn/T/verification-npm-fixture-i0yy6S"}
[verification-fixture-phase] {"phase":"npm:fixture-disposed","pid":13483,"parentPid":13482,"elapsedMs":226670.089292,"root":"/var/folders/g_/3ydzn7kx5lg9ylq8fd9p_13r0000gn/T/verification-npm-fixture-i0yy6S"}
[verification-test-start] {"pid":13483,"parentPid":13482,"entryFile":"/Users/yuanxi/Workwork/vibe-fs/requirements/verification-system/tests/016.test.mjs","name":"WHAT[verification-system-016] npm tool archive rejects a mismatched actual npm version before registry execution","fullName":"WHAT[verification-system-016] npm tool archive installation owns selected complete tools and locked dependencies through publication > WHAT[verification-system-016] npm tool archive rejects a mismatched actual npm version before registry execution"}
[verification-test-start] {"pid":13483,"parentPid":13482,"entryFile":"/Users/yuanxi/Workwork/vibe-fs/requirements/verification-system/tests/016.test.mjs","name":"WHAT[verification-system-016] complete selected Node and npm archive capture preserves locked inputs before execution","fullName":"WHAT[verification-system-016] npm tool archive installation owns selected complete tools and locked dependencies through publication > WHAT[verification-system-016] npm tool archive rejects a mismatched actual npm version before registry execution > WHAT[verification-system-016] complete selected Node and npm archive capture preserves locked inputs before execution"}
[verification-fixture-phase] {"phase":"npm:version-enter","pid":13483,"parentPid":13482,"elapsedMs":226670.925042,"npmCli":"/private/tmp/vibe-fs-t388-selected-npm/package/bin/npm-cli.js"}
[verification-fixture-phase] {"phase":"npm:version-completed","pid":13483,"parentPid":13482,"elapsedMs":226728.761042,"npmCli":"/private/tmp/vibe-fs-t388-selected-npm/package/bin/npm-cli.js","version":"11.12.1"}
[verification-fixture-phase] {"phase":"npm:registry-listening","pid":13483,"parentPid":13482,"elapsedMs":226730.049917,"root":"/var/folders/g_/3ydzn7kx5lg9ylq8fd9p_13r0000gn/T/verification-npm-fixture-WLhPc7","registry":"http://127.0.0.1:62166"}
[verification-fixture-phase] {"phase":"npm:tool-capture-enter","pid":13483,"parentPid":13482,"elapsedMs":226780.499625,"root":"/var/folders/g_/3ydzn7kx5lg9ylq8fd9p_13r0000gn/T/verification-npm-fixture-WLhPc7"}
[verification-fixture-phase] {"phase":"npm:tool-archive-written","pid":13483,"parentPid":13482,"elapsedMs":227171.983834,"archivePath":"/var/folders/g_/3ydzn7kx5lg9ylq8fd9p_13r0000gn/T/verification-npm-fixture-WLhPc7/tools.tar","bytes":125545984}
[verification-fixture-phase] {"phase":"npm:archive-install-enter","pid":13483,"parentPid":13482,"elapsedMs":227611.839375,"archivePath":"/var/folders/g_/3ydzn7kx5lg9ylq8fd9p_13r0000gn/T/verification-npm-fixture-WLhPc7/tools.tar"}
[verification-tool-phase] {"phase":"monitor-spawned","pid":13483,"parentPid":13482,"at":1791440576217,"monitorPid":14359,"executable":"/private/var/folders/g_/3ydzn7kx5lg9ylq8fd9p_13r0000gn/T/verification-npm-fixture-WLhPc7/candidates/verification-archive-nblpIT/toolchain/node/bin/node"}
[verification-tool-phase] {"phase":"tool-spawned","pid":14359,"parentPid":13483,"at":1791440576250,"toolPid":14360,"executable":"/private/var/folders/g_/3ydzn7kx5lg9ylq8fd9p_13r0000gn/T/verification-npm-fixture-WLhPc7/candidates/verification-archive-nblpIT/toolchain/node/bin/node"}
[verification-tool-phase] {"phase":"tool-exited","pid":14359,"parentPid":13483,"at":1791440577327,"toolPid":14360,"exitCode":0,"signal":null}
[verification-tool-phase] {"phase":"group-drained","pid":14359,"parentPid":13483,"at":1791440577345,"toolPid":14360}
[verification-tool-phase] {"phase":"monitor-closed","pid":13483,"parentPid":13482,"at":1791440577347,"monitorPid":14359,"exitCode":0,"signal":null}
[verification-tool-phase] {"phase":"monitor-spawned","pid":13483,"parentPid":13482,"at":1791440577445,"monitorPid":14362,"executable":"/private/var/folders/g_/3ydzn7kx5lg9ylq8fd9p_13r0000gn/T/verification-npm-fixture-WLhPc7/candidates/verification-archive-nblpIT/toolchain/node/bin/node"}
[verification-tool-phase] {"phase":"tool-spawned","pid":14362,"parentPid":13483,"at":1791440577473,"toolPid":14363,"executable":"/private/var/folders/g_/3ydzn7kx5lg9ylq8fd9p_13r0000gn/T/verification-npm-fixture-WLhPc7/candidates/verification-archive-nblpIT/toolchain/node/bin/node"}
[verification-tool-phase] {"phase":"tool-exited","pid":14362,"parentPid":13483,"at":1791440577543,"toolPid":14363,"exitCode":0,"signal":null}
[verification-tool-phase] {"phase":"group-drained","pid":14362,"parentPid":13483,"at":1791440577559,"toolPid":14363}
[verification-tool-phase] {"phase":"monitor-closed","pid":13483,"parentPid":13482,"at":1791440577560,"monitorPid":14362,"exitCode":0,"signal":null}
[verification-fixture-phase] {"phase":"npm:archive-install-settled","pid":13483,"parentPid":13482,"elapsedMs":229683.671167,"archivePath":"/var/folders/g_/3ydzn7kx5lg9ylq8fd9p_13r0000gn/T/verification-npm-fixture-WLhPc7/tools.tar"}
[verification-fixture-phase] {"phase":"npm:fixture-dispose-enter","pid":13483,"parentPid":13482,"elapsedMs":229683.785,"root":"/var/folders/g_/3ydzn7kx5lg9ylq8fd9p_13r0000gn/T/verification-npm-fixture-WLhPc7"}
[verification-fixture-phase] {"phase":"npm:fixture-disposed","pid":13483,"parentPid":13482,"elapsedMs":229685.44225,"root":"/var/folders/g_/3ydzn7kx5lg9ylq8fd9p_13r0000gn/T/verification-npm-fixture-WLhPc7"}
[verification-test-start] {"pid":13483,"parentPid":13482,"entryFile":"/Users/yuanxi/Workwork/vibe-fs/requirements/verification-system/tests/016.test.mjs","name":"WHAT[verification-system-016] npm tool archive already aborted preserves Error before reading missing source or archive","fullName":"WHAT[verification-system-016] npm tool archive installation owns selected complete tools and locked dependencies through publication > WHAT[verification-system-016] npm tool archive already aborted preserves Error before reading missing source or archive"}
[verification-fixture-phase] {"phase":"npm:archive-install-enter","pid":13483,"parentPid":13482,"elapsedMs":229687.111209,"archivePath":"/private/var/folders/g_/3ydzn7kx5lg9ylq8fd9p_13r0000gn/T/verification-aborted-npm-AMhCLO/missing-tools.tar"}
[verification-fixture-phase] {"phase":"npm:archive-install-settled","pid":13483,"parentPid":13482,"elapsedMs":229687.259709,"archivePath":"/private/var/folders/g_/3ydzn7kx5lg9ylq8fd9p_13r0000gn/T/verification-aborted-npm-AMhCLO/missing-tools.tar"}
[verification-test-start] {"pid":13483,"parentPid":13482,"entryFile":"/Users/yuanxi/Workwork/vibe-fs/requirements/verification-system/tests/016.test.mjs","name":"WHAT[verification-system-016] npm tool archive already aborted preserves null before reading missing source or archive","fullName":"WHAT[verification-system-016] npm tool archive installation owns selected complete tools and locked dependencies through publication > WHAT[verification-system-016] npm tool archive already aborted preserves null before reading missing source or archive"}
[verification-fixture-phase] {"phase":"npm:archive-install-enter","pid":13483,"parentPid":13482,"elapsedMs":229688.355709,"archivePath":"/private/var/folders/g_/3ydzn7kx5lg9ylq8fd9p_13r0000gn/T/verification-aborted-npm-ssDScr/missing-tools.tar"}
[verification-fixture-phase] {"phase":"npm:archive-install-settled","pid":13483,"parentPid":13482,"elapsedMs":229688.401542,"archivePath":"/private/var/folders/g_/3ydzn7kx5lg9ylq8fd9p_13r0000gn/T/verification-aborted-npm-ssDScr/missing-tools.tar"}
[verification-test-start] {"pid":13483,"parentPid":13482,"entryFile":"/Users/yuanxi/Workwork/vibe-fs/requirements/verification-system/tests/016.test.mjs","name":"WHAT[verification-system-016] actual held npm ci setup Error settles its creation owner before installer disposal","fullName":"WHAT[verification-system-016] actual held npm ci setup Error settles its creation owner before installer disposal"}
[verification-fixture-phase] {"phase":"npm:version-enter","pid":13483,"parentPid":13482,"elapsedMs":229689.118834,"npmCli":"/private/tmp/vibe-fs-t388-selected-npm/package/bin/npm-cli.js"}
[verification-fixture-phase] {"phase":"npm:version-completed","pid":13483,"parentPid":13482,"elapsedMs":229746.15325,"npmCli":"/private/tmp/vibe-fs-t388-selected-npm/package/bin/npm-cli.js","version":"11.12.1"}
[verification-fixture-phase] {"phase":"npm:registry-listening","pid":13483,"parentPid":13482,"elapsedMs":229746.987834,"root":"/var/folders/g_/3ydzn7kx5lg9ylq8fd9p_13r0000gn/T/verification-npm-fixture-u1ss76","registry":"http://127.0.0.1:62169"}
[verification-fixture-phase] {"phase":"npm:registry-request","pid":13483,"parentPid":13482,"elapsedMs":231387.822334,"root":"/var/folders/g_/3ydzn7kx5lg9ylq8fd9p_13r0000gn/T/verification-npm-fixture-u1ss76","method":"GET","path":"/wxs-fixture-leaf/-/wxs-fixture-leaf-1.0.0.tgz"}
[verification-fixture-phase] {"phase":"npm:registry-request","pid":13483,"parentPid":13482,"elapsedMs":231388.1865,"root":"/var/folders/g_/3ydzn7kx5lg9ylq8fd9p_13r0000gn/T/verification-npm-fixture-u1ss76","method":"GET","path":"/wxs-fixture-parent/-/wxs-fixture-parent-1.0.0.tgz"}
[verification-fixture-phase] {"phase":"npm:fixture-dispose-enter","pid":13483,"parentPid":13482,"elapsedMs":231521.976084,"root":"/var/folders/g_/3ydzn7kx5lg9ylq8fd9p_13r0000gn/T/verification-npm-fixture-u1ss76"}
[verification-fixture-phase] {"phase":"npm:fixture-disposed","pid":13483,"parentPid":13482,"elapsedMs":231522.55075,"root":"/var/folders/g_/3ydzn7kx5lg9ylq8fd9p_13r0000gn/T/verification-npm-fixture-u1ss76"}
[verification-test-start] {"pid":13483,"parentPid":13482,"entryFile":"/Users/yuanxi/Workwork/vibe-fs/requirements/verification-system/tests/016.test.mjs","name":"WHAT[verification-system-016] actual held npm ci setup null settles its creation owner before installer disposal","fullName":"WHAT[verification-system-016] actual held npm ci setup null settles its creation owner before installer disposal"}
[verification-fixture-phase] {"phase":"npm:version-enter","pid":13483,"parentPid":13482,"elapsedMs":231522.904125,"npmCli":"/private/tmp/vibe-fs-t388-selected-npm/package/bin/npm-cli.js"}
[verification-fixture-phase] {"phase":"npm:version-completed","pid":13483,"parentPid":13482,"elapsedMs":231578.819334,"npmCli":"/private/tmp/vibe-fs-t388-selected-npm/package/bin/npm-cli.js","version":"11.12.1"}
[verification-fixture-phase] {"phase":"npm:registry-listening","pid":13483,"parentPid":13482,"elapsedMs":231579.352209,"root":"/var/folders/g_/3ydzn7kx5lg9ylq8fd9p_13r0000gn/T/verification-npm-fixture-5gbtRu","registry":"http://127.0.0.1:62172"}
[verification-fixture-phase] {"phase":"npm:registry-request","pid":13483,"parentPid":13482,"elapsedMs":233944.578584,"root":"/var/folders/g_/3ydzn7kx5lg9ylq8fd9p_13r0000gn/T/verification-npm-fixture-5gbtRu","method":"GET","path":"/wxs-fixture-leaf/-/wxs-fixture-leaf-1.0.0.tgz"}
[verification-fixture-phase] {"phase":"npm:registry-request","pid":13483,"parentPid":13482,"elapsedMs":233944.859625,"root":"/var/folders/g_/3ydzn7kx5lg9ylq8fd9p_13r0000gn/T/verification-npm-fixture-5gbtRu","method":"GET","path":"/wxs-fixture-parent/-/wxs-fixture-parent-1.0.0.tgz"}
[verification-fixture-phase] {"phase":"npm:fixture-dispose-enter","pid":13483,"parentPid":13482,"elapsedMs":234081.707209,"root":"/var/folders/g_/3ydzn7kx5lg9ylq8fd9p_13r0000gn/T/verification-npm-fixture-5gbtRu"}
[verification-fixture-phase] {"phase":"npm:fixture-disposed","pid":13483,"parentPid":13482,"elapsedMs":234082.295,"root":"/var/folders/g_/3ydzn7kx5lg9ylq8fd9p_13r0000gn/T/verification-npm-fixture-5gbtRu"}
[verification-test-start] {"pid":13483,"parentPid":13482,"entryFile":"/Users/yuanxi/Workwork/vibe-fs/requirements/verification-system/tests/016.test.mjs","name":"WHAT[verification-system-016] successful SDK probe replacing its archive root cannot start another selected executable","fullName":"WHAT[verification-system-016] successful SDK probe replacing its archive root cannot start another selected executable"}
[verification-tool-phase] {"phase":"monitor-spawned","pid":13483,"parentPid":13482,"at":1791440582185,"monitorPid":14405,"executable":"/private/var/folders/g_/3ydzn7kx5lg9ylq8fd9p_13r0000gn/T/verification-dotnet-sdk-test-zqvV3I/candidates/verification-archive-Nxz2rv/dotnet-sdk/dotnet"}
[verification-tool-phase] {"phase":"tool-spawned","pid":14405,"parentPid":13483,"at":1791440582210,"toolPid":14406,"executable":"/private/var/folders/g_/3ydzn7kx5lg9ylq8fd9p_13r0000gn/T/verification-dotnet-sdk-test-zqvV3I/candidates/verification-archive-Nxz2rv/dotnet-sdk/dotnet"}
[verification-tool-phase] {"phase":"tool-exited","pid":14405,"parentPid":13483,"at":1791440582773,"toolPid":14406,"exitCode":0,"signal":null}
[verification-tool-phase] {"phase":"group-drained","pid":14405,"parentPid":13483,"at":1791440582791,"toolPid":14406}
[verification-tool-phase] {"phase":"monitor-closed","pid":13483,"parentPid":13482,"at":1791440582792,"monitorPid":14405,"exitCode":0,"signal":null}
[verification-test-start] {"pid":13483,"parentPid":13482,"entryFile":"/Users/yuanxi/Workwork/vibe-fs/requirements/verification-system/tests/016.test.mjs","name":"WHAT[verification-system-016] successful SDK probe replacing its probe root cannot start another selected executable","fullName":"WHAT[verification-system-016] successful SDK probe replacing its probe root cannot start another selected executable"}
[verification-tool-phase] {"phase":"monitor-spawned","pid":13483,"parentPid":13482,"at":1791440582797,"monitorPid":14408,"executable":"/private/var/folders/g_/3ydzn7kx5lg9ylq8fd9p_13r0000gn/T/verification-dotnet-sdk-test-j7n2lo/candidates/verification-archive-o3MpTc/dotnet-sdk/dotnet"}
[verification-tool-phase] {"phase":"tool-spawned","pid":14408,"parentPid":13483,"at":1791440582824,"toolPid":14409,"executable":"/private/var/folders/g_/3ydzn7kx5lg9ylq8fd9p_13r0000gn/T/verification-dotnet-sdk-test-j7n2lo/candidates/verification-archive-o3MpTc/dotnet-sdk/dotnet"}
[verification-tool-phase] {"phase":"tool-exited","pid":14408,"parentPid":13483,"at":1791440583423,"toolPid":14409,"exitCode":0,"signal":null}
[verification-tool-phase] {"phase":"group-drained","pid":14408,"parentPid":13483,"at":1791440583445,"toolPid":14409}
[verification-tool-phase] {"phase":"monitor-closed","pid":13483,"parentPid":13482,"at":1791440583446,"monitorPid":14408,"exitCode":0,"signal":null}
[verification-test-start] {"pid":13483,"parentPid":13482,"entryFile":"/Users/yuanxi/Workwork/vibe-fs/requirements/verification-system/tests/016.test.mjs","name":"WHAT[verification-system-016] failed SDK probe preserves a copied replacement of its private probe root","fullName":"WHAT[verification-system-016] failed SDK probe preserves a copied replacement of its private probe root"}
[verification-tool-phase] {"phase":"monitor-spawned","pid":13483,"parentPid":13482,"at":1791440583451,"monitorPid":14411,"executable":"/private/var/folders/g_/3ydzn7kx5lg9ylq8fd9p_13r0000gn/T/verification-dotnet-sdk-test-Kq5eAN/candidates/verification-archive-GCKcgI/dotnet-sdk/dotnet"}
[verification-tool-phase] {"phase":"tool-spawned","pid":14411,"parentPid":13483,"at":1791440583480,"toolPid":14412,"executable":"/private/var/folders/g_/3ydzn7kx5lg9ylq8fd9p_13r0000gn/T/verification-dotnet-sdk-test-Kq5eAN/candidates/verification-archive-GCKcgI/dotnet-sdk/dotnet"}
[verification-tool-phase] {"phase":"tool-exited","pid":14411,"parentPid":13483,"at":1791440584695,"toolPid":14412,"exitCode":73,"signal":null}
[verification-tool-phase] {"phase":"group-drained","pid":14411,"parentPid":13483,"at":1791440584713,"toolPid":14412}
[verification-tool-phase] {"phase":"monitor-closed","pid":13483,"parentPid":13482,"at":1791440584714,"monitorPid":14411,"exitCode":0,"signal":null}
[verification-test-start] {"pid":13483,"parentPid":13482,"entryFile":"/Users/yuanxi/Workwork/vibe-fs/requirements/verification-system/tests/016.test.mjs","name":"WHAT[verification-system-016] selected SDK archive failures reclaim private roots and preserve exact global.json bytes","fullName":"WHAT[verification-system-016] selected SDK archive failures reclaim private roots and preserve exact global.json bytes"}
[verification-test-start] {"pid":13483,"parentPid":13482,"entryFile":"/Users/yuanxi/Workwork/vibe-fs/requirements/verification-system/tests/016.test.mjs","name":"WHAT[verification-system-016] a missing selected SDK executable is not borrowed from ambient dotnet","fullName":"WHAT[verification-system-016] selected SDK archive failures reclaim private roots and preserve exact global.json bytes > WHAT[verification-system-016] a missing selected SDK executable is not borrowed from ambient dotnet"}
[verification-test-start] {"pid":13483,"parentPid":13482,"entryFile":"/Users/yuanxi/Workwork/vibe-fs/requirements/verification-system/tests/016.test.mjs","name":"WHAT[verification-system-016] a changed SDK archive digest publishes no candidate","fullName":"WHAT[verification-system-016] selected SDK archive failures reclaim private roots and preserve exact global.json bytes > WHAT[verification-system-016] a changed SDK archive digest publishes no candidate"}
[verification-test-start] {"pid":13483,"parentPid":13482,"entryFile":"/Users/yuanxi/Workwork/vibe-fs/requirements/verification-system/tests/016.test.mjs","name":"WHAT[verification-system-016] early SDK cancellation preserves Error before reading missing inputs","fullName":"WHAT[verification-system-016] selected SDK archive failures reclaim private roots and preserve exact global.json bytes > WHAT[verification-system-016] early SDK cancellation preserves Error before reading missing inputs"}
[verification-test-start] {"pid":13483,"parentPid":13482,"entryFile":"/Users/yuanxi/Workwork/vibe-fs/requirements/verification-system/tests/016.test.mjs","name":"WHAT[verification-system-016] early SDK cancellation preserves null before reading missing inputs","fullName":"WHAT[verification-system-016] selected SDK archive failures reclaim private roots and preserve exact global.json bytes > WHAT[verification-system-016] early SDK cancellation preserves null before reading missing inputs"}
[verification-test-start] {"pid":13483,"parentPid":13482,"entryFile":"/Users/yuanxi/Workwork/vibe-fs/requirements/verification-system/tests/016.test.mjs","name":"WHAT[verification-system-016] a failing actual executable probe does not publish its archive identity","fullName":"WHAT[verification-system-016] selected SDK archive failures reclaim private roots and preserve exact global.json bytes > WHAT[verification-system-016] a failing actual executable probe does not publish its archive identity"}
[verification-tool-phase] {"phase":"monitor-spawned","pid":13483,"parentPid":13482,"at":1791440584722,"monitorPid":14414,"executable":"/private/var/folders/g_/3ydzn7kx5lg9ylq8fd9p_13r0000gn/T/verification-dotnet-sdk-test-MxJyou/candidates/verification-archive-Gf3Obh/dotnet-sdk/dotnet"}
[verification-tool-phase] {"phase":"tool-spawned","pid":14414,"parentPid":13483,"at":1791440584750,"toolPid":14415,"executable":"/private/var/folders/g_/3ydzn7kx5lg9ylq8fd9p_13r0000gn/T/verification-dotnet-sdk-test-MxJyou/candidates/verification-archive-Gf3Obh/dotnet-sdk/dotnet"}
[verification-tool-phase] {"phase":"tool-exited","pid":14414,"parentPid":13483,"at":1791440585516,"toolPid":14415,"exitCode":73,"signal":null}
[verification-tool-phase] {"phase":"group-drained","pid":14414,"parentPid":13483,"at":1791440585538,"toolPid":14415}
[verification-tool-phase] {"phase":"monitor-closed","pid":13483,"parentPid":13482,"at":1791440585540,"monitorPid":14414,"exitCode":0,"signal":null}
[verification-test-start] {"pid":13483,"parentPid":13482,"entryFile":"/Users/yuanxi/Workwork/vibe-fs/requirements/verification-system/tests/016.test.mjs","name":"WHAT[verification-system-016] dotnet roles cannot use traversal or a symbolic executable alias","fullName":"WHAT[verification-system-016] selected SDK archive failures reclaim private roots and preserve exact global.json bytes > WHAT[verification-system-016] dotnet roles cannot use traversal or a symbolic executable alias"}
[verification-test-start] {"pid":13483,"parentPid":13482,"entryFile":"/Users/yuanxi/Workwork/vibe-fs/requirements/verification-system/tests/016.test.mjs","name":"WHAT[verification-system-016] a non-executable selected dotnet role cannot launch a probe","fullName":"WHAT[verification-system-016] selected SDK archive failures reclaim private roots and preserve exact global.json bytes > WHAT[verification-system-016] a non-executable selected dotnet role cannot launch a probe"}
[verification-test-start] {"pid":13483,"parentPid":13482,"entryFile":"/Users/yuanxi/Workwork/vibe-fs/requirements/verification-system/tests/016.test.mjs","name":"WHAT[verification-system-016] an escaping SDK archive link cannot capture a foreign runtime","fullName":"WHAT[verification-system-016] selected SDK archive failures reclaim private roots and preserve exact global.json bytes > WHAT[verification-system-016] an escaping SDK archive link cannot capture a foreign runtime"}
[verification-test-start] {"pid":13483,"parentPid":13482,"entryFile":"/Users/yuanxi/Workwork/vibe-fs/requirements/verification-system/tests/016.test.mjs","name":"WHAT[verification-system-016] SDK version and provenance come from the selected executable rather than its role name","fullName":"WHAT[verification-system-016] SDK version and provenance come from the selected executable rather than its role name"}
[verification-test-start] {"pid":13483,"parentPid":13482,"entryFile":"/Users/yuanxi/Workwork/vibe-fs/requirements/verification-system/tests/016.test.mjs","name":"WHAT[verification-system-016] actual selected version must match the explicitly expected SDK","fullName":"WHAT[verification-system-016] SDK version and provenance come from the selected executable rather than its role name > WHAT[verification-system-016] actual selected version must match the explicitly expected SDK"}
[verification-tool-phase] {"phase":"monitor-spawned","pid":13483,"parentPid":13482,"at":1791440585553,"monitorPid":14417,"executable":"/private/var/folders/g_/3ydzn7kx5lg9ylq8fd9p_13r0000gn/T/verification-dotnet-sdk-test-F1SLLg/candidates/verification-archive-Ry5Hpx/dotnet-sdk/dotnet"}
[verification-tool-phase] {"phase":"tool-spawned","pid":14417,"parentPid":13483,"at":1791440585581,"toolPid":14418,"executable":"/private/var/folders/g_/3ydzn7kx5lg9ylq8fd9p_13r0000gn/T/verification-dotnet-sdk-test-F1SLLg/candidates/verification-archive-Ry5Hpx/dotnet-sdk/dotnet"}
[verification-tool-phase] {"phase":"tool-exited","pid":14417,"parentPid":13483,"at":1791440586140,"toolPid":14418,"exitCode":0,"signal":null}
[verification-tool-phase] {"phase":"group-drained","pid":14417,"parentPid":13483,"at":1791440586163,"toolPid":14418}
[verification-tool-phase] {"phase":"monitor-closed","pid":13483,"parentPid":13482,"at":1791440586164,"monitorPid":14417,"exitCode":0,"signal":null}
[verification-test-start] {"pid":13483,"parentPid":13482,"entryFile":"/Users/yuanxi/Workwork/vibe-fs/requirements/verification-system/tests/016.test.mjs","name":"WHAT[verification-system-016] a selected wrapper cannot borrow SDK Base Path or runtimes from a live installation","fullName":"WHAT[verification-system-016] SDK version and provenance come from the selected executable rather than its role name > WHAT[verification-system-016] a selected wrapper cannot borrow SDK Base Path or runtimes from a live installation"}
[verification-tool-phase] {"phase":"monitor-spawned","pid":13483,"parentPid":13482,"at":1791440586168,"monitorPid":14420,"executable":"/private/var/folders/g_/3ydzn7kx5lg9ylq8fd9p_13r0000gn/T/verification-dotnet-sdk-test-F1SLLg/candidates/verification-archive-bTSa4t/dotnet-sdk/dotnet"}
[verification-tool-phase] {"phase":"tool-spawned","pid":14420,"parentPid":13483,"at":1791440586197,"toolPid":14421,"executable":"/private/var/folders/g_/3ydzn7kx5lg9ylq8fd9p_13r0000gn/T/verification-dotnet-sdk-test-F1SLLg/candidates/verification-archive-bTSa4t/dotnet-sdk/dotnet"}
[verification-tool-phase] {"phase":"tool-exited","pid":14420,"parentPid":13483,"at":1791440586879,"toolPid":14421,"exitCode":0,"signal":null}
[verification-tool-phase] {"phase":"group-drained","pid":14420,"parentPid":13483,"at":1791440586896,"toolPid":14421}
[verification-tool-phase] {"phase":"monitor-closed","pid":13483,"parentPid":13482,"at":1791440586897,"monitorPid":14420,"exitCode":0,"signal":null}
[verification-tool-phase] {"phase":"monitor-spawned","pid":13483,"parentPid":13482,"at":1791440586897,"monitorPid":14424,"executable":"/private/var/folders/g_/3ydzn7kx5lg9ylq8fd9p_13r0000gn/T/verification-dotnet-sdk-test-F1SLLg/candidates/verification-archive-bTSa4t/dotnet-sdk/dotnet"}
[verification-tool-phase] {"phase":"tool-spawned","pid":14424,"parentPid":13483,"at":1791440586923,"toolPid":14425,"executable":"/private/var/folders/g_/3ydzn7kx5lg9ylq8fd9p_13r0000gn/T/verification-dotnet-sdk-test-F1SLLg/candidates/verification-archive-bTSa4t/dotnet-sdk/dotnet"}
[verification-tool-phase] {"phase":"tool-exited","pid":14424,"parentPid":13483,"at":1791440586948,"toolPid":14425,"exitCode":0,"signal":null}
[verification-tool-phase] {"phase":"group-drained","pid":14424,"parentPid":13483,"at":1791440586964,"toolPid":14425}
[verification-tool-phase] {"phase":"monitor-closed","pid":13483,"parentPid":13482,"at":1791440586965,"monitorPid":14424,"exitCode":0,"signal":null}
[verification-test-start] {"pid":13483,"parentPid":13482,"entryFile":"/Users/yuanxi/Workwork/vibe-fs/requirements/verification-system/tests/016.test.mjs","name":"WHAT[verification-system-016] held SDK probe preserves Error cancellation and drains its actual process group","fullName":"WHAT[verification-system-016] held SDK probe preserves Error cancellation and drains its actual process group"}
[verification-tool-phase] {"phase":"monitor-spawned","pid":13483,"parentPid":13482,"at":1791440586969,"monitorPid":14428,"executable":"/private/var/folders/g_/3ydzn7kx5lg9ylq8fd9p_13r0000gn/T/verification-dotnet-sdk-test-2CTVkv/candidates/verification-archive-9SXJ2k/dotnet-sdk/dotnet"}
[verification-tool-phase] {"phase":"tool-spawned","pid":14428,"parentPid":13483,"at":1791440586995,"toolPid":14429,"executable":"/private/var/folders/g_/3ydzn7kx5lg9ylq8fd9p_13r0000gn/T/verification-dotnet-sdk-test-2CTVkv/candidates/verification-archive-9SXJ2k/dotnet-sdk/dotnet"}
[verification-tool-phase] {"phase":"tool-exited","pid":14428,"parentPid":13483,"at":1791440587629,"toolPid":14429,"exitCode":null,"signal":"SIGKILL"}
[verification-tool-phase] {"phase":"group-drained","pid":14428,"parentPid":13483,"at":1791440587650,"toolPid":14429}
[verification-tool-phase] {"phase":"monitor-closed","pid":13483,"parentPid":13482,"at":1791440587651,"monitorPid":14428,"exitCode":0,"signal":null}
[verification-test-start] {"pid":13483,"parentPid":13482,"entryFile":"/Users/yuanxi/Workwork/vibe-fs/requirements/verification-system/tests/016.test.mjs","name":"WHAT[verification-system-016] held SDK probe preserves null cancellation and drains its actual process group","fullName":"WHAT[verification-system-016] held SDK probe preserves null cancellation and drains its actual process group"}
[verification-tool-phase] {"phase":"monitor-spawned","pid":13483,"parentPid":13482,"at":1791440587656,"monitorPid":14432,"executable":"/private/var/folders/g_/3ydzn7kx5lg9ylq8fd9p_13r0000gn/T/verification-dotnet-sdk-test-sUK5OU/candidates/verification-archive-Qyusdq/dotnet-sdk/dotnet"}
[verification-tool-phase] {"phase":"tool-spawned","pid":14432,"parentPid":13483,"at":1791440587682,"toolPid":14433,"executable":"/private/var/folders/g_/3ydzn7kx5lg9ylq8fd9p_13r0000gn/T/verification-dotnet-sdk-test-sUK5OU/candidates/verification-archive-Qyusdq/dotnet-sdk/dotnet"}
[verification-tool-phase] {"phase":"tool-exited","pid":14432,"parentPid":13483,"at":1791440588284,"toolPid":14433,"exitCode":null,"signal":"SIGKILL"}
[verification-tool-phase] {"phase":"group-drained","pid":14432,"parentPid":13483,"at":1791440588304,"toolPid":14433}
[verification-tool-phase] {"phase":"monitor-closed","pid":13483,"parentPid":13482,"at":1791440588306,"monitorPid":14432,"exitCode":0,"signal":null}
[verification-test-start] {"pid":13483,"parentPid":13482,"entryFile":"/Users/yuanxi/Workwork/vibe-fs/requirements/verification-system/tests/016.test.mjs","name":"WHAT[verification-system-016] tool restore failure cannot delete a copied replacement of its owned root","fullName":"WHAT[verification-system-016] tool restore failure cannot delete a copied replacement of its owned root"}
[verification-tool-phase] {"phase":"monitor-spawned","pid":13483,"parentPid":13482,"at":1791440588312,"monitorPid":14437,"executable":"/private/var/folders/g_/3ydzn7kx5lg9ylq8fd9p_13r0000gn/T/verification-dotnet-restore-39WtHS/sdk/dotnet-sdk/dotnet"}
[verification-tool-phase] {"phase":"tool-spawned","pid":14437,"parentPid":13483,"at":1791440588339,"toolPid":14442,"executable":"/private/var/folders/g_/3ydzn7kx5lg9ylq8fd9p_13r0000gn/T/verification-dotnet-restore-39WtHS/sdk/dotnet-sdk/dotnet"}
[verification-tool-phase] {"phase":"tool-exited","pid":14437,"parentPid":13483,"at":1791440588957,"toolPid":14442,"exitCode":73,"signal":null}
[verification-tool-phase] {"phase":"group-drained","pid":14437,"parentPid":13483,"at":1791440588974,"toolPid":14442}
[verification-tool-phase] {"phase":"monitor-closed","pid":13483,"parentPid":13482,"at":1791440588976,"monitorPid":14437,"exitCode":0,"signal":null}
[verification-test-start] {"pid":13483,"parentPid":13482,"entryFile":"/Users/yuanxi/Workwork/vibe-fs/requirements/verification-system/tests/016.test.mjs","name":"WHAT[verification-system-016] tool preparation rejects a missing manifest before admitting selected archives","fullName":"WHAT[verification-system-016] tool preparation rejects a missing manifest before admitting selected archives"}
[verification-test-start] {"pid":13483,"parentPid":13482,"entryFile":"/Users/yuanxi/Workwork/vibe-fs/requirements/verification-system/tests/016.test.mjs","name":"WHAT[verification-system-016] tool preparation rejects a malformed JSON manifest before admitting selected archives","fullName":"WHAT[verification-system-016] tool preparation rejects a malformed JSON manifest before admitting selected archives"}
[verification-test-start] {"pid":13483,"parentPid":13482,"entryFile":"/Users/yuanxi/Workwork/vibe-fs/requirements/verification-system/tests/016.test.mjs","name":"WHAT[verification-system-016] tool preparation rejects a floating tool version manifest before admitting selected archives","fullName":"WHAT[verification-system-016] tool preparation rejects a floating tool version manifest before admitting selected archives"}
[verification-test-start] {"pid":13483,"parentPid":13482,"entryFile":"/Users/yuanxi/Workwork/vibe-fs/requirements/verification-system/tests/016.test.mjs","name":"WHAT[verification-system-016] tool preparation rejects a tool roll-forward manifest before admitting selected archives","fullName":"WHAT[verification-system-016] tool preparation rejects a tool roll-forward manifest before admitting selected archives"}
[verification-test-start] {"pid":13483,"parentPid":13482,"entryFile":"/Users/yuanxi/Workwork/vibe-fs/requirements/verification-system/tests/016.test.mjs","name":"WHAT[verification-system-016] tool preparation rejects a duplicate command manifest before admitting selected archives","fullName":"WHAT[verification-system-016] tool preparation rejects a duplicate command manifest before admitting selected archives"}
[verification-test-start] {"pid":13483,"parentPid":13482,"entryFile":"/Users/yuanxi/Workwork/vibe-fs/requirements/verification-system/tests/016.test.mjs","name":"WHAT[verification-system-016] tool archive SHA-512 and selected SDK global identity must match before restore","fullName":"WHAT[verification-system-016] tool archive SHA-512 and selected SDK global identity must match before restore"}
[verification-test-start] {"pid":13483,"parentPid":13482,"entryFile":"/Users/yuanxi/Workwork/vibe-fs/requirements/verification-system/tests/016.test.mjs","name":"WHAT[verification-system-016] a direct tool missing from the selected archive set cannot borrow ambient packages","fullName":"WHAT[verification-system-016] a direct tool missing from the selected archive set cannot borrow ambient packages"}
[verification-test-start] {"pid":13483,"parentPid":13482,"entryFile":"/Users/yuanxi/Workwork/vibe-fs/requirements/verification-system/tests/016.test.mjs","name":"WHAT[verification-system-016] actual selected executor failure retains its cause and reclaims the private restore roots","fullName":"WHAT[verification-system-016] actual selected executor failure retains its cause and reclaims the private restore roots"}
[verification-tool-phase] {"phase":"monitor-spawned","pid":13483,"parentPid":13482,"at":1791440588994,"monitorPid":14448,"executable":"/private/var/folders/g_/3ydzn7kx5lg9ylq8fd9p_13r0000gn/T/verification-dotnet-restore-DQAizm/sdk/dotnet-sdk/dotnet"}
[verification-tool-phase] {"phase":"tool-spawned","pid":14448,"parentPid":13483,"at":1791440589020,"toolPid":14449,"executable":"/private/var/folders/g_/3ydzn7kx5lg9ylq8fd9p_13r0000gn/T/verification-dotnet-restore-DQAizm/sdk/dotnet-sdk/dotnet"}
[verification-tool-phase] {"phase":"tool-exited","pid":14448,"parentPid":13483,"at":1791440589529,"toolPid":14449,"exitCode":73,"signal":null}
[verification-tool-phase] {"phase":"group-drained","pid":14448,"parentPid":13483,"at":1791440589551,"toolPid":14449}
[verification-tool-phase] {"phase":"monitor-closed","pid":13483,"parentPid":13482,"at":1791440589553,"monitorPid":14448,"exitCode":0,"signal":null}
[verification-test-start] {"pid":13483,"parentPid":13482,"entryFile":"/Users/yuanxi/Workwork/vibe-fs/requirements/verification-system/tests/016.test.mjs","name":"WHAT[verification-system-016] early tool cancellation preserves Error without reading missing source or archives","fullName":"WHAT[verification-system-016] early tool cancellation preserves Error without reading missing source or archives"}
[verification-test-start] {"pid":13483,"parentPid":13482,"entryFile":"/Users/yuanxi/Workwork/vibe-fs/requirements/verification-system/tests/016.test.mjs","name":"WHAT[verification-system-016] early tool cancellation preserves null without reading missing source or archives","fullName":"WHAT[verification-system-016] early tool cancellation preserves null without reading missing source or archives"}
[verification-test-start] {"pid":13483,"parentPid":13482,"entryFile":"/Users/yuanxi/Workwork/vibe-fs/requirements/verification-system/tests/016.test.mjs","name":"WHAT[verification-system-016] held tool restore preserves Error cancellation and drains its actual process group","fullName":"WHAT[verification-system-016] held tool restore preserves Error cancellation and drains its actual process group"}
[verification-tool-phase] {"phase":"monitor-spawned","pid":13483,"parentPid":13482,"at":1791440589562,"monitorPid":14451,"executable":"/private/var/folders/g_/3ydzn7kx5lg9ylq8fd9p_13r0000gn/T/verification-dotnet-restore-J2Cs6C/sdk/dotnet-sdk/dotnet"}
[verification-tool-phase] {"phase":"tool-spawned","pid":14451,"parentPid":13483,"at":1791440589589,"toolPid":14452,"executable":"/private/var/folders/g_/3ydzn7kx5lg9ylq8fd9p_13r0000gn/T/verification-dotnet-restore-J2Cs6C/sdk/dotnet-sdk/dotnet"}
[verification-tool-phase] {"phase":"tool-exited","pid":14451,"parentPid":13483,"at":1791440590505,"toolPid":14452,"exitCode":null,"signal":"SIGKILL"}
[verification-tool-phase] {"phase":"group-drained","pid":14451,"parentPid":13483,"at":1791440590523,"toolPid":14452}
[verification-tool-phase] {"phase":"monitor-closed","pid":13483,"parentPid":13482,"at":1791440590525,"monitorPid":14451,"exitCode":0,"signal":null}
[verification-test-start] {"pid":13483,"parentPid":13482,"entryFile":"/Users/yuanxi/Workwork/vibe-fs/requirements/verification-system/tests/016.test.mjs","name":"WHAT[verification-system-016] held tool restore preserves null cancellation and drains its actual process group","fullName":"WHAT[verification-system-016] held tool restore preserves null cancellation and drains its actual process group"}
[verification-tool-phase] {"phase":"monitor-spawned","pid":13483,"parentPid":13482,"at":1791440590529,"monitorPid":14456,"executable":"/private/var/folders/g_/3ydzn7kx5lg9ylq8fd9p_13r0000gn/T/verification-dotnet-restore-jOH8Cn/sdk/dotnet-sdk/dotnet"}
[verification-tool-phase] {"phase":"tool-spawned","pid":14456,"parentPid":13483,"at":1791440590557,"toolPid":14457,"executable":"/private/var/folders/g_/3ydzn7kx5lg9ylq8fd9p_13r0000gn/T/verification-dotnet-restore-jOH8Cn/sdk/dotnet-sdk/dotnet"}
[verification-tool-phase] {"phase":"tool-exited","pid":14456,"parentPid":13483,"at":1791440591136,"toolPid":14457,"exitCode":null,"signal":"SIGKILL"}
[verification-tool-phase] {"phase":"group-drained","pid":14456,"parentPid":13483,"at":1791440591156,"toolPid":14457}
[verification-tool-phase] {"phase":"monitor-closed","pid":13483,"parentPid":13482,"at":1791440591157,"monitorPid":14456,"exitCode":0,"signal":null}
[verification-test-start] {"pid":13483,"parentPid":13482,"entryFile":"/Users/yuanxi/Workwork/vibe-fs/requirements/verification-system/tests/016.test.mjs","name":"WHAT[verification-system-016] held tool restore reclaims its original canonical root after parent link replacement and preserves the foreign owner","fullName":"WHAT[verification-system-016] held tool restore reclaims its original canonical root after parent link replacement and preserves the foreign owner"}
[verification-tool-phase] {"phase":"monitor-spawned","pid":13483,"parentPid":13482,"at":1791440591162,"monitorPid":14460,"executable":"/private/var/folders/g_/3ydzn7kx5lg9ylq8fd9p_13r0000gn/T/verification-dotnet-restore-nXbmjY/sdk/dotnet-sdk/dotnet"}
[verification-tool-phase] {"phase":"tool-spawned","pid":14460,"parentPid":13483,"at":1791440591190,"toolPid":14461,"executable":"/private/var/folders/g_/3ydzn7kx5lg9ylq8fd9p_13r0000gn/T/verification-dotnet-restore-nXbmjY/sdk/dotnet-sdk/dotnet"}
[verification-tool-phase] {"phase":"tool-exited","pid":14460,"parentPid":13483,"at":1791440592821,"toolPid":14461,"exitCode":null,"signal":"SIGKILL"}
[verification-tool-phase] {"phase":"group-drained","pid":14460,"parentPid":13483,"at":1791440592841,"toolPid":14461}
[verification-tool-phase] {"phase":"monitor-closed","pid":13483,"parentPid":13482,"at":1791440592843,"monitorPid":14460,"exitCode":0,"signal":null}
[verification-test-start] {"pid":13483,"parentPid":13482,"entryFile":"/Users/yuanxi/Workwork/vibe-fs/requirements/verification-system/tests/016.test.mjs","name":"WHAT[verification-system-016] tool receipt rejects malformed resolver JSON and reclaims all owned restore output","fullName":"WHAT[verification-system-016] tool receipt rejects malformed resolver JSON and reclaims all owned restore output"}
[verification-tool-phase] {"phase":"monitor-spawned","pid":13483,"parentPid":13482,"at":1791440592848,"monitorPid":14464,"executable":"/private/var/folders/g_/3ydzn7kx5lg9ylq8fd9p_13r0000gn/T/verification-dotnet-restore-FxHknh/sdk/dotnet-sdk/dotnet"}
[verification-tool-phase] {"phase":"tool-spawned","pid":14464,"parentPid":13483,"at":1791440592876,"toolPid":14465,"executable":"/private/var/folders/g_/3ydzn7kx5lg9ylq8fd9p_13r0000gn/T/verification-dotnet-restore-FxHknh/sdk/dotnet-sdk/dotnet"}
[verification-tool-phase] {"phase":"tool-exited","pid":14464,"parentPid":13483,"at":1791440594260,"toolPid":14465,"exitCode":0,"signal":null}
[verification-tool-phase] {"phase":"group-drained","pid":14464,"parentPid":13483,"at":1791440594281,"toolPid":14465}
[verification-tool-phase] {"phase":"monitor-closed","pid":13483,"parentPid":13482,"at":1791440594282,"monitorPid":14464,"exitCode":0,"signal":null}
[verification-test-start] {"pid":13483,"parentPid":13482,"entryFile":"/Users/yuanxi/Workwork/vibe-fs/requirements/verification-system/tests/016.test.mjs","name":"WHAT[verification-system-016] tool receipt rejects wrong resolver version and reclaims all owned restore output","fullName":"WHAT[verification-system-016] tool receipt rejects wrong resolver version and reclaims all owned restore output"}
[verification-tool-phase] {"phase":"monitor-spawned","pid":13483,"parentPid":13482,"at":1791440594289,"monitorPid":14467,"executable":"/private/var/folders/g_/3ydzn7kx5lg9ylq8fd9p_13r0000gn/T/verification-dotnet-restore-F4MI0r/sdk/dotnet-sdk/dotnet"}
[verification-tool-phase] {"phase":"tool-spawned","pid":14467,"parentPid":13483,"at":1791440594316,"toolPid":14468,"executable":"/private/var/folders/g_/3ydzn7kx5lg9ylq8fd9p_13r0000gn/T/verification-dotnet-restore-F4MI0r/sdk/dotnet-sdk/dotnet"}
[verification-tool-phase] {"phase":"tool-exited","pid":14467,"parentPid":13483,"at":1791440594906,"toolPid":14468,"exitCode":0,"signal":null}
[verification-tool-phase] {"phase":"group-drained","pid":14467,"parentPid":13483,"at":1791440594928,"toolPid":14468}
[verification-tool-phase] {"phase":"monitor-closed","pid":13483,"parentPid":13482,"at":1791440594930,"monitorPid":14467,"exitCode":0,"signal":null}
[verification-test-start] {"pid":13483,"parentPid":13482,"entryFile":"/Users/yuanxi/Workwork/vibe-fs/requirements/verification-system/tests/016.test.mjs","name":"WHAT[verification-system-016] tool receipt rejects foreign executable and reclaims all owned restore output","fullName":"WHAT[verification-system-016] tool receipt rejects foreign executable and reclaims all owned restore output"}
[verification-tool-phase] {"phase":"monitor-spawned","pid":13483,"parentPid":13482,"at":1791440594936,"monitorPid":14470,"executable":"/private/var/folders/g_/3ydzn7kx5lg9ylq8fd9p_13r0000gn/T/verification-dotnet-restore-JEgiSX/sdk/dotnet-sdk/dotnet"}
[verification-tool-phase] {"phase":"tool-spawned","pid":14470,"parentPid":13483,"at":1791440594965,"toolPid":14471,"executable":"/private/var/folders/g_/3ydzn7kx5lg9ylq8fd9p_13r0000gn/T/verification-dotnet-restore-JEgiSX/sdk/dotnet-sdk/dotnet"}
[verification-tool-phase] {"phase":"tool-exited","pid":14470,"parentPid":13483,"at":1791440595540,"toolPid":14471,"exitCode":0,"signal":null}
[verification-tool-phase] {"phase":"group-drained","pid":14470,"parentPid":13483,"at":1791440595561,"toolPid":14471}
[verification-tool-phase] {"phase":"monitor-closed","pid":13483,"parentPid":13482,"at":1791440595563,"monitorPid":14470,"exitCode":0,"signal":null}
[verification-test-start] {"pid":13483,"parentPid":13482,"entryFile":"/Users/yuanxi/Workwork/vibe-fs/requirements/verification-system/tests/016.test.mjs","name":"WHAT[verification-system-016] tool receipt rejects unexpected command and reclaims all owned restore output","fullName":"WHAT[verification-system-016] tool receipt rejects unexpected command and reclaims all owned restore output"}
[verification-tool-phase] {"phase":"monitor-spawned","pid":13483,"parentPid":13482,"at":1791440595569,"monitorPid":14475,"executable":"/private/var/folders/g_/3ydzn7kx5lg9ylq8fd9p_13r0000gn/T/verification-dotnet-restore-dCbCtj/sdk/dotnet-sdk/dotnet"}
[verification-tool-phase] {"phase":"tool-spawned","pid":14475,"parentPid":13483,"at":1791440595596,"toolPid":14476,"executable":"/private/var/folders/g_/3ydzn7kx5lg9ylq8fd9p_13r0000gn/T/verification-dotnet-restore-dCbCtj/sdk/dotnet-sdk/dotnet"}
[verification-tool-phase] {"phase":"tool-exited","pid":14475,"parentPid":13483,"at":1791440596184,"toolPid":14476,"exitCode":0,"signal":null}
[verification-tool-phase] {"phase":"group-drained","pid":14475,"parentPid":13483,"at":1791440596206,"toolPid":14476}
[verification-tool-phase] {"phase":"monitor-closed","pid":13483,"parentPid":13482,"at":1791440596208,"monitorPid":14475,"exitCode":0,"signal":null}
[verification-test-start] {"pid":13483,"parentPid":13482,"entryFile":"/Users/yuanxi/Workwork/vibe-fs/requirements/verification-system/tests/016.test.mjs","name":"WHAT[verification-system-016] tool receipt rejects unselected package and reclaims all owned restore output","fullName":"WHAT[verification-system-016] tool receipt rejects unselected package and reclaims all owned restore output"}
[verification-tool-phase] {"phase":"monitor-spawned","pid":13483,"parentPid":13482,"at":1791440596215,"monitorPid":14478,"executable":"/private/var/folders/g_/3ydzn7kx5lg9ylq8fd9p_13r0000gn/T/verification-dotnet-restore-PWFicV/sdk/dotnet-sdk/dotnet"}
[verification-tool-phase] {"phase":"tool-spawned","pid":14478,"parentPid":13483,"at":1791440596243,"toolPid":14479,"executable":"/private/var/folders/g_/3ydzn7kx5lg9ylq8fd9p_13r0000gn/T/verification-dotnet-restore-PWFicV/sdk/dotnet-sdk/dotnet"}
[verification-tool-phase] {"phase":"tool-exited","pid":14478,"parentPid":13483,"at":1791440596828,"toolPid":14479,"exitCode":0,"signal":null}
[verification-tool-phase] {"phase":"group-drained","pid":14478,"parentPid":13483,"at":1791440596849,"toolPid":14479}
[verification-tool-phase] {"phase":"monitor-closed","pid":13483,"parentPid":13482,"at":1791440596851,"monitorPid":14478,"exitCode":0,"signal":null}
[verification-test-start] {"pid":13483,"parentPid":13482,"entryFile":"/Users/yuanxi/Workwork/vibe-fs/requirements/verification-system/tests/016.test.mjs","name":"WHAT[verification-system-016] tool receipt rejects unselected feed member and reclaims all owned restore output","fullName":"WHAT[verification-system-016] tool receipt rejects unselected feed member and reclaims all owned restore output"}
[verification-tool-phase] {"phase":"monitor-spawned","pid":13483,"parentPid":13482,"at":1791440596858,"monitorPid":14481,"executable":"/private/var/folders/g_/3ydzn7kx5lg9ylq8fd9p_13r0000gn/T/verification-dotnet-restore-VGJ4WG/sdk/dotnet-sdk/dotnet"}
[verification-tool-phase] {"phase":"tool-spawned","pid":14481,"parentPid":13483,"at":1791440596887,"toolPid":14482,"executable":"/private/var/folders/g_/3ydzn7kx5lg9ylq8fd9p_13r0000gn/T/verification-dotnet-restore-VGJ4WG/sdk/dotnet-sdk/dotnet"}
[verification-tool-phase] {"phase":"tool-exited","pid":14481,"parentPid":13483,"at":1791440598125,"toolPid":14482,"exitCode":0,"signal":null}
[verification-tool-phase] {"phase":"group-drained","pid":14481,"parentPid":13483,"at":1791440598142,"toolPid":14482}
[verification-tool-phase] {"phase":"monitor-closed","pid":13483,"parentPid":13482,"at":1791440598144,"monitorPid":14481,"exitCode":0,"signal":null}
[verification-test-start] {"pid":13483,"parentPid":13482,"entryFile":"/Users/yuanxi/Workwork/vibe-fs/requirements/verification-system/tests/016.test.mjs","name":"WHAT[verification-system-016] tool receipt rejects missing selected package and reclaims all owned restore output","fullName":"WHAT[verification-system-016] tool receipt rejects missing selected package and reclaims all owned restore output"}
[verification-tool-phase] {"phase":"monitor-spawned","pid":13483,"parentPid":13482,"at":1791440598150,"monitorPid":14484,"executable":"/private/var/folders/g_/3ydzn7kx5lg9ylq8fd9p_13r0000gn/T/verification-dotnet-restore-IGhliB/sdk/dotnet-sdk/dotnet"}
[verification-tool-phase] {"phase":"tool-spawned","pid":14484,"parentPid":13483,"at":1791440598177,"toolPid":14485,"executable":"/private/var/folders/g_/3ydzn7kx5lg9ylq8fd9p_13r0000gn/T/verification-dotnet-restore-IGhliB/sdk/dotnet-sdk/dotnet"}
[verification-tool-phase] {"phase":"tool-exited","pid":14484,"parentPid":13483,"at":1791440599524,"toolPid":14485,"exitCode":0,"signal":null}
[verification-tool-phase] {"phase":"group-drained","pid":14484,"parentPid":13483,"at":1791440599546,"toolPid":14485}
[verification-tool-phase] {"phase":"monitor-closed","pid":13483,"parentPid":13482,"at":1791440599548,"monitorPid":14484,"exitCode":0,"signal":null}
[verification-test-start] {"pid":13483,"parentPid":13482,"entryFile":"/Users/yuanxi/Workwork/vibe-fs/requirements/verification-system/tests/016.test.mjs","name":"WHAT[verification-system-016] tool receipt rejects changed package archive and reclaims all owned restore output","fullName":"WHAT[verification-system-016] tool receipt rejects changed package archive and reclaims all owned restore output"}
[verification-tool-phase] {"phase":"monitor-spawned","pid":13483,"parentPid":13482,"at":1791440599553,"monitorPid":14487,"executable":"/private/var/folders/g_/3ydzn7kx5lg9ylq8fd9p_13r0000gn/T/verification-dotnet-restore-0BUaBg/sdk/dotnet-sdk/dotnet"}
[verification-tool-phase] {"phase":"tool-spawned","pid":14487,"parentPid":13483,"at":1791440599582,"toolPid":14488,"executable":"/private/var/folders/g_/3ydzn7kx5lg9ylq8fd9p_13r0000gn/T/verification-dotnet-restore-0BUaBg/sdk/dotnet-sdk/dotnet"}
[verification-tool-phase] {"phase":"tool-exited","pid":14487,"parentPid":13483,"at":1791440600106,"toolPid":14488,"exitCode":0,"signal":null}
[verification-tool-phase] {"phase":"group-drained","pid":14487,"parentPid":13483,"at":1791440600122,"toolPid":14488}
[verification-tool-phase] {"phase":"monitor-closed","pid":13483,"parentPid":13482,"at":1791440600124,"monitorPid":14487,"exitCode":0,"signal":null}
[verification-test-start] {"pid":13483,"parentPid":13482,"entryFile":"/Users/yuanxi/Workwork/vibe-fs/requirements/verification-system/tests/016.test.mjs","name":"WHAT[verification-system-016] tool receipt rejects missing runtime DLL and reclaims all owned restore output","fullName":"WHAT[verification-system-016] tool receipt rejects missing runtime DLL and reclaims all owned restore output"}
[verification-tool-phase] {"phase":"monitor-spawned","pid":13483,"parentPid":13482,"at":1791440600130,"monitorPid":14493,"executable":"/private/var/folders/g_/3ydzn7kx5lg9ylq8fd9p_13r0000gn/T/verification-dotnet-restore-xEsoci/sdk/dotnet-sdk/dotnet"}
[verification-tool-phase] {"phase":"tool-spawned","pid":14493,"parentPid":13483,"at":1791440600159,"toolPid":14494,"executable":"/private/var/folders/g_/3ydzn7kx5lg9ylq8fd9p_13r0000gn/T/verification-dotnet-restore-xEsoci/sdk/dotnet-sdk/dotnet"}
[verification-tool-phase] {"phase":"tool-exited","pid":14493,"parentPid":13483,"at":1791440600748,"toolPid":14494,"exitCode":0,"signal":null}
[verification-tool-phase] {"phase":"group-drained","pid":14493,"parentPid":13483,"at":1791440600768,"toolPid":14494}
[verification-tool-phase] {"phase":"monitor-closed","pid":13483,"parentPid":13482,"at":1791440600770,"monitorPid":14493,"exitCode":0,"signal":null}
[verification-test-start] {"pid":13483,"parentPid":13482,"entryFile":"/Users/yuanxi/Workwork/vibe-fs/requirements/verification-system/tests/016.test.mjs","name":"WHAT[verification-system-016] tool receipt rejects malformed runtime deps JSON and reclaims all owned restore output","fullName":"WHAT[verification-system-016] tool receipt rejects malformed runtime deps JSON and reclaims all owned restore output"}
[verification-tool-phase] {"phase":"monitor-spawned","pid":13483,"parentPid":13482,"at":1791440600776,"monitorPid":14496,"executable":"/private/var/folders/g_/3ydzn7kx5lg9ylq8fd9p_13r0000gn/T/verification-dotnet-restore-gSEzDy/sdk/dotnet-sdk/dotnet"}
[verification-tool-phase] {"phase":"tool-spawned","pid":14496,"parentPid":13483,"at":1791440600804,"toolPid":14497,"executable":"/private/var/folders/g_/3ydzn7kx5lg9ylq8fd9p_13r0000gn/T/verification-dotnet-restore-gSEzDy/sdk/dotnet-sdk/dotnet"}
[verification-tool-phase] {"phase":"tool-exited","pid":14496,"parentPid":13483,"at":1791440601308,"toolPid":14497,"exitCode":0,"signal":null}
[verification-tool-phase] {"phase":"group-drained","pid":14496,"parentPid":13483,"at":1791440601328,"toolPid":14497}
[verification-tool-phase] {"phase":"monitor-closed","pid":13483,"parentPid":13482,"at":1791440601330,"monitorPid":14496,"exitCode":0,"signal":null}
[verification-test-start] {"pid":13483,"parentPid":13482,"entryFile":"/Users/yuanxi/Workwork/vibe-fs/requirements/verification-system/tests/016.test.mjs","name":"WHAT[verification-system-016] tool receipt rejects escaping runtime asset and reclaims all owned restore output","fullName":"WHAT[verification-system-016] tool receipt rejects escaping runtime asset and reclaims all owned restore output"}
[verification-tool-phase] {"phase":"monitor-spawned","pid":13483,"parentPid":13482,"at":1791440601336,"monitorPid":14499,"executable":"/private/var/folders/g_/3ydzn7kx5lg9ylq8fd9p_13r0000gn/T/verification-dotnet-restore-eQGDLn/sdk/dotnet-sdk/dotnet"}
[verification-tool-phase] {"phase":"tool-spawned","pid":14499,"parentPid":13483,"at":1791440601363,"toolPid":14500,"executable":"/private/var/folders/g_/3ydzn7kx5lg9ylq8fd9p_13r0000gn/T/verification-dotnet-restore-eQGDLn/sdk/dotnet-sdk/dotnet"}
[verification-tool-phase] {"phase":"tool-exited","pid":14499,"parentPid":13483,"at":1791440601948,"toolPid":14500,"exitCode":0,"signal":null}
[verification-tool-phase] {"phase":"group-drained","pid":14499,"parentPid":13483,"at":1791440601965,"toolPid":14500}
[verification-tool-phase] {"phase":"monitor-closed","pid":13483,"parentPid":13482,"at":1791440601967,"monitorPid":14499,"exitCode":0,"signal":null}
[verification-test-start] {"pid":13483,"parentPid":13482,"entryFile":"/Users/yuanxi/Workwork/vibe-fs/requirements/verification-system/tests/016.test.mjs","name":"WHAT[verification-system-016] tool receipt rejects changed selected SDK during execution and reclaims all owned restore output","fullName":"WHAT[verification-system-016] tool receipt rejects changed selected SDK during execution and reclaims all owned restore output"}
[verification-tool-phase] {"phase":"monitor-spawned","pid":13483,"parentPid":13482,"at":1791440601973,"monitorPid":14502,"executable":"/private/var/folders/g_/3ydzn7kx5lg9ylq8fd9p_13r0000gn/T/verification-dotnet-restore-LWT39K/sdk/dotnet-sdk/dotnet"}
[verification-tool-phase] {"phase":"tool-spawned","pid":14502,"parentPid":13483,"at":1791440602002,"toolPid":14503,"executable":"/private/var/folders/g_/3ydzn7kx5lg9ylq8fd9p_13r0000gn/T/verification-dotnet-restore-LWT39K/sdk/dotnet-sdk/dotnet"}
[verification-tool-phase] {"phase":"tool-exited","pid":14502,"parentPid":13483,"at":1791440602572,"toolPid":14503,"exitCode":0,"signal":null}
[verification-tool-phase] {"phase":"group-drained","pid":14502,"parentPid":13483,"at":1791440602589,"toolPid":14503}
[verification-tool-phase] {"phase":"monitor-closed","pid":13483,"parentPid":13482,"at":1791440602590,"monitorPid":14502,"exitCode":0,"signal":null}
[verification-test-start] {"pid":13483,"parentPid":13482,"entryFile":"/Users/yuanxi/Workwork/vibe-fs/requirements/verification-system/tests/016.test.mjs","name":"WHAT[verification-system-016] mutated selected SDK entry metadata cannot execute a foreign launcher under the original SDK digest","fullName":"WHAT[verification-system-016] mutated selected SDK entry metadata cannot execute a foreign launcher under the original SDK digest"}
[verification-test-start] {"pid":13483,"parentPid":13482,"entryFile":"/Users/yuanxi/Workwork/vibe-fs/requirements/verification-system/tests/016.test.mjs","name":"WHAT[verification-system-016] tool receipt revalidation rejects a changed public toolRoot and disposal preserves the foreign owner","fullName":"WHAT[verification-system-016] tool receipt revalidation rejects a changed public toolRoot and disposal preserves the foreign owner"}
[verification-tool-phase] {"phase":"monitor-spawned","pid":13483,"parentPid":13482,"at":1791440602598,"monitorPid":14505,"executable":"/private/var/folders/g_/3ydzn7kx5lg9ylq8fd9p_13r0000gn/T/verification-dotnet-restore-M8HQ1r/sdk/dotnet-sdk/dotnet"}
[verification-tool-phase] {"phase":"tool-spawned","pid":14505,"parentPid":13483,"at":1791440602624,"toolPid":14506,"executable":"/private/var/folders/g_/3ydzn7kx5lg9ylq8fd9p_13r0000gn/T/verification-dotnet-restore-M8HQ1r/sdk/dotnet-sdk/dotnet"}
[verification-tool-phase] {"phase":"tool-exited","pid":14505,"parentPid":13483,"at":1791440603191,"toolPid":14506,"exitCode":0,"signal":null}
[verification-tool-phase] {"phase":"group-drained","pid":14505,"parentPid":13483,"at":1791440603212,"toolPid":14506}
[verification-tool-phase] {"phase":"monitor-closed","pid":13483,"parentPid":13482,"at":1791440603214,"monitorPid":14505,"exitCode":0,"signal":null}
[verification-test-start] {"pid":13483,"parentPid":13482,"entryFile":"/Users/yuanxi/Workwork/vibe-fs/requirements/verification-system/tests/016.test.mjs","name":"WHAT[verification-system-016] tool receipt revalidation rejects a changed public executable and disposal preserves the foreign owner","fullName":"WHAT[verification-system-016] tool receipt revalidation rejects a changed public executable and disposal preserves the foreign owner"}
[verification-tool-phase] {"phase":"monitor-spawned","pid":13483,"parentPid":13482,"at":1791440603223,"monitorPid":14508,"executable":"/private/var/folders/g_/3ydzn7kx5lg9ylq8fd9p_13r0000gn/T/verification-dotnet-restore-1VefZH/sdk/dotnet-sdk/dotnet"}
[verification-tool-phase] {"phase":"tool-spawned","pid":14508,"parentPid":13483,"at":1791440603253,"toolPid":14509,"executable":"/private/var/folders/g_/3ydzn7kx5lg9ylq8fd9p_13r0000gn/T/verification-dotnet-restore-1VefZH/sdk/dotnet-sdk/dotnet"}
[verification-tool-phase] {"phase":"tool-exited","pid":14508,"parentPid":13483,"at":1791440603639,"toolPid":14509,"exitCode":0,"signal":null}
[verification-tool-phase] {"phase":"group-drained","pid":14508,"parentPid":13483,"at":1791440603661,"toolPid":14509}
[verification-tool-phase] {"phase":"monitor-closed","pid":13483,"parentPid":13482,"at":1791440603663,"monitorPid":14508,"exitCode":0,"signal":null}
[verification-test-start] {"pid":13483,"parentPid":13482,"entryFile":"/Users/yuanxi/Workwork/vibe-fs/requirements/verification-system/tests/016.test.mjs","name":"WHAT[verification-system-016] selected tool receipt binds the complete ordinary output inventory and rejects byte, mode, added and deleted members","fullName":"WHAT[verification-system-016] selected tool receipt binds the complete ordinary output inventory and rejects byte, mode, added and deleted members"}
[verification-tool-phase] {"phase":"monitor-spawned","pid":13483,"parentPid":13482,"at":1791440603671,"monitorPid":14511,"executable":"/private/var/folders/g_/3ydzn7kx5lg9ylq8fd9p_13r0000gn/T/verification-dotnet-restore-chKfyq/sdk/dotnet-sdk/dotnet"}
[verification-tool-phase] {"phase":"tool-spawned","pid":14511,"parentPid":13483,"at":1791440603700,"toolPid":14512,"executable":"/private/var/folders/g_/3ydzn7kx5lg9ylq8fd9p_13r0000gn/T/verification-dotnet-restore-chKfyq/sdk/dotnet-sdk/dotnet"}
[verification-tool-phase] {"phase":"tool-exited","pid":14511,"parentPid":13483,"at":1791440603962,"toolPid":14512,"exitCode":0,"signal":null}
[verification-tool-phase] {"phase":"group-drained","pid":14511,"parentPid":13483,"at":1791440603984,"toolPid":14512}
[verification-tool-phase] {"phase":"monitor-closed","pid":13483,"parentPid":13482,"at":1791440603986,"monitorPid":14511,"exitCode":0,"signal":null}
[verification-test-start] {"pid":13483,"parentPid":13482,"entryFile":"/Users/yuanxi/Workwork/vibe-fs/requirements/verification-system/tests/016.test.mjs","name":"WHAT[verification-system-016] captured tool output rejects byte mutation","fullName":"WHAT[verification-system-016] selected tool receipt binds the complete ordinary output inventory and rejects byte, mode, added and deleted members > WHAT[verification-system-016] captured tool output rejects byte mutation"}
[verification-test-start] {"pid":13483,"parentPid":13482,"entryFile":"/Users/yuanxi/Workwork/vibe-fs/requirements/verification-system/tests/016.test.mjs","name":"WHAT[verification-system-016] captured tool output rejects mode mutation","fullName":"WHAT[verification-system-016] selected tool receipt binds the complete ordinary output inventory and rejects byte, mode, added and deleted members > WHAT[verification-system-016] captured tool output rejects mode mutation"}
[verification-test-start] {"pid":13483,"parentPid":13482,"entryFile":"/Users/yuanxi/Workwork/vibe-fs/requirements/verification-system/tests/016.test.mjs","name":"WHAT[verification-system-016] captured tool output rejects added member","fullName":"WHAT[verification-system-016] selected tool receipt binds the complete ordinary output inventory and rejects byte, mode, added and deleted members > WHAT[verification-system-016] captured tool output rejects added member"}
[verification-test-start] {"pid":13483,"parentPid":13482,"entryFile":"/Users/yuanxi/Workwork/vibe-fs/requirements/verification-system/tests/016.test.mjs","name":"WHAT[verification-system-016] captured tool output rejects deleted member","fullName":"WHAT[verification-system-016] selected tool receipt binds the complete ordinary output inventory and rejects byte, mode, added and deleted members > WHAT[verification-system-016] captured tool output rejects deleted member"}
[verification-test-start] {"pid":13483,"parentPid":13482,"entryFile":"/Users/yuanxi/Workwork/vibe-fs/requirements/verification-system/tests/016.test.mjs","name":"WHAT[verification-system-016] project graph rejects foreign output directory without publishing a restore receipt","fullName":"WHAT[verification-system-016] corrupt graph cases preserve one shared actual Git candidate and own independent restore resources > WHAT[verification-system-016] project graph rejects foreign output directory without publishing a restore receipt"}
[verification-tool-phase] {"phase":"monitor-spawned","pid":13483,"parentPid":13482,"at":1791440604256,"monitorPid":14672,"executable":"/private/var/folders/g_/3ydzn7kx5lg9ylq8fd9p_13r0000gn/T/verification-nuget-project-test-JqaMde/sdk/dotnet-sdk/dotnet"}
[verification-tool-phase] {"phase":"tool-spawned","pid":14672,"parentPid":13483,"at":1791440604283,"toolPid":14673,"executable":"/private/var/folders/g_/3ydzn7kx5lg9ylq8fd9p_13r0000gn/T/verification-nuget-project-test-JqaMde/sdk/dotnet-sdk/dotnet"}
[verification-tool-phase] {"phase":"tool-exited","pid":14672,"parentPid":13483,"at":1791440604870,"toolPid":14673,"exitCode":0,"signal":null}
[verification-tool-phase] {"phase":"group-drained","pid":14672,"parentPid":13483,"at":1791440604889,"toolPid":14673}
[verification-tool-phase] {"phase":"monitor-closed","pid":13483,"parentPid":13482,"at":1791440604891,"monitorPid":14672,"exitCode":0,"signal":null}
[verification-tool-phase] {"phase":"monitor-spawned","pid":13483,"parentPid":13482,"at":1791440604893,"monitorPid":14675,"executable":"/private/var/folders/g_/3ydzn7kx5lg9ylq8fd9p_13r0000gn/T/verification-nuget-project-test-JqaMde/sdk/dotnet-sdk/dotnet"}
[verification-tool-phase] {"phase":"tool-spawned","pid":14675,"parentPid":13483,"at":1791440604920,"toolPid":14676,"executable":"/private/var/folders/g_/3ydzn7kx5lg9ylq8fd9p_13r0000gn/T/verification-nuget-project-test-JqaMde/sdk/dotnet-sdk/dotnet"}
[verification-tool-phase] {"phase":"tool-exited","pid":14675,"parentPid":13483,"at":1791440604947,"toolPid":14676,"exitCode":0,"signal":null}
[verification-tool-phase] {"phase":"group-drained","pid":14675,"parentPid":13483,"at":1791440604963,"toolPid":14676}
[verification-tool-phase] {"phase":"monitor-closed","pid":13483,"parentPid":13482,"at":1791440604964,"monitorPid":14675,"exitCode":0,"signal":null}
[verification-test-start] {"pid":13483,"parentPid":13482,"entryFile":"/Users/yuanxi/Workwork/vibe-fs/requirements/verification-system/tests/016.test.mjs","name":"WHAT[verification-system-016] project graph rejects unselected dependency edge without publishing a restore receipt","fullName":"WHAT[verification-system-016] corrupt graph cases preserve one shared actual Git candidate and own independent restore resources > WHAT[verification-system-016] project graph rejects unselected dependency edge without publishing a restore receipt"}
[verification-tool-phase] {"phase":"monitor-spawned","pid":13483,"parentPid":13482,"at":1791440604974,"monitorPid":14678,"executable":"/private/var/folders/g_/3ydzn7kx5lg9ylq8fd9p_13r0000gn/T/verification-nuget-project-test-0NFCoS/sdk/dotnet-sdk/dotnet"}
[verification-tool-phase] {"phase":"tool-spawned","pid":14678,"parentPid":13483,"at":1791440604998,"toolPid":14679,"executable":"/private/var/folders/g_/3ydzn7kx5lg9ylq8fd9p_13r0000gn/T/verification-nuget-project-test-0NFCoS/sdk/dotnet-sdk/dotnet"}
[verification-tool-phase] {"phase":"tool-exited","pid":14678,"parentPid":13483,"at":1791440605507,"toolPid":14679,"exitCode":0,"signal":null}
[verification-tool-phase] {"phase":"group-drained","pid":14678,"parentPid":13483,"at":1791440605528,"toolPid":14679}
[verification-tool-phase] {"phase":"monitor-closed","pid":13483,"parentPid":13482,"at":1791440605530,"monitorPid":14678,"exitCode":0,"signal":null}
[verification-tool-phase] {"phase":"monitor-spawned","pid":13483,"parentPid":13482,"at":1791440605532,"monitorPid":14681,"executable":"/private/var/folders/g_/3ydzn7kx5lg9ylq8fd9p_13r0000gn/T/verification-nuget-project-test-0NFCoS/sdk/dotnet-sdk/dotnet"}
[verification-tool-phase] {"phase":"tool-spawned","pid":14681,"parentPid":13483,"at":1791440605560,"toolPid":14682,"executable":"/private/var/folders/g_/3ydzn7kx5lg9ylq8fd9p_13r0000gn/T/verification-nuget-project-test-0NFCoS/sdk/dotnet-sdk/dotnet"}
[verification-tool-phase] {"phase":"tool-exited","pid":14681,"parentPid":13483,"at":1791440605587,"toolPid":14682,"exitCode":0,"signal":null}
[verification-tool-phase] {"phase":"group-drained","pid":14681,"parentPid":13483,"at":1791440605603,"toolPid":14682}
[verification-tool-phase] {"phase":"monitor-closed","pid":13483,"parentPid":13482,"at":1791440605605,"monitorPid":14681,"exitCode":0,"signal":null}
[verification-test-start] {"pid":13483,"parentPid":13482,"entryFile":"/Users/yuanxi/Workwork/vibe-fs/requirements/verification-system/tests/016.test.mjs","name":"WHAT[verification-system-016] project graph rejects target and lock dependency version disagreement without publishing a restore receipt","fullName":"WHAT[verification-system-016] corrupt graph cases preserve one shared actual Git candidate and own independent restore resources > WHAT[verification-system-016] project graph rejects target and lock dependency version disagreement without publishing a restore receipt"}
[verification-tool-phase] {"phase":"monitor-spawned","pid":13483,"parentPid":13482,"at":1791440605614,"monitorPid":14684,"executable":"/private/var/folders/g_/3ydzn7kx5lg9ylq8fd9p_13r0000gn/T/verification-nuget-project-test-ds5H4B/sdk/dotnet-sdk/dotnet"}
[verification-tool-phase] {"phase":"tool-spawned","pid":14684,"parentPid":13483,"at":1791440605641,"toolPid":14685,"executable":"/private/var/folders/g_/3ydzn7kx5lg9ylq8fd9p_13r0000gn/T/verification-nuget-project-test-ds5H4B/sdk/dotnet-sdk/dotnet"}
[verification-tool-phase] {"phase":"tool-exited","pid":14684,"parentPid":13483,"at":1791440606128,"toolPid":14685,"exitCode":0,"signal":null}
[verification-tool-phase] {"phase":"group-drained","pid":14684,"parentPid":13483,"at":1791440606150,"toolPid":14685}
[verification-tool-phase] {"phase":"monitor-closed","pid":13483,"parentPid":13482,"at":1791440606152,"monitorPid":14684,"exitCode":0,"signal":null}
[verification-tool-phase] {"phase":"monitor-spawned","pid":13483,"parentPid":13482,"at":1791440606154,"monitorPid":14687,"executable":"/private/var/folders/g_/3ydzn7kx5lg9ylq8fd9p_13r0000gn/T/verification-nuget-project-test-ds5H4B/sdk/dotnet-sdk/dotnet"}
[verification-tool-phase] {"phase":"tool-spawned","pid":14687,"parentPid":13483,"at":1791440606183,"toolPid":14688,"executable":"/private/var/folders/g_/3ydzn7kx5lg9ylq8fd9p_13r0000gn/T/verification-nuget-project-test-ds5H4B/sdk/dotnet-sdk/dotnet"}
[verification-tool-phase] {"phase":"tool-exited","pid":14687,"parentPid":13483,"at":1791440606210,"toolPid":14688,"exitCode":0,"signal":null}
[verification-tool-phase] {"phase":"group-drained","pid":14687,"parentPid":13483,"at":1791440606226,"toolPid":14688}
[verification-tool-phase] {"phase":"monitor-closed","pid":13483,"parentPid":13482,"at":1791440606228,"monitorPid":14687,"exitCode":0,"signal":null}
[verification-test-start] {"pid":13483,"parentPid":13482,"entryFile":"/Users/yuanxi/Workwork/vibe-fs/requirements/verification-system/tests/016.test.mjs","name":"WHAT[verification-system-016] project graph rejects null library without publishing a restore receipt","fullName":"WHAT[verification-system-016] corrupt graph cases preserve one shared actual Git candidate and own independent restore resources > WHAT[verification-system-016] project graph rejects null library without publishing a restore receipt"}
[verification-tool-phase] {"phase":"monitor-spawned","pid":13483,"parentPid":13482,"at":1791440606237,"monitorPid":14690,"executable":"/private/var/folders/g_/3ydzn7kx5lg9ylq8fd9p_13r0000gn/T/verification-nuget-project-test-KeqkdG/sdk/dotnet-sdk/dotnet"}
[verification-tool-phase] {"phase":"tool-spawned","pid":14690,"parentPid":13483,"at":1791440606265,"toolPid":14691,"executable":"/private/var/folders/g_/3ydzn7kx5lg9ylq8fd9p_13r0000gn/T/verification-nuget-project-test-KeqkdG/sdk/dotnet-sdk/dotnet"}
[verification-tool-phase] {"phase":"tool-exited","pid":14690,"parentPid":13483,"at":1791440607102,"toolPid":14691,"exitCode":0,"signal":null}
[verification-tool-phase] {"phase":"group-drained","pid":14690,"parentPid":13483,"at":1791440607121,"toolPid":14691}
[verification-tool-phase] {"phase":"monitor-closed","pid":13483,"parentPid":13482,"at":1791440607123,"monitorPid":14690,"exitCode":0,"signal":null}
[verification-tool-phase] {"phase":"monitor-spawned","pid":13483,"parentPid":13482,"at":1791440607125,"monitorPid":14693,"executable":"/private/var/folders/g_/3ydzn7kx5lg9ylq8fd9p_13r0000gn/T/verification-nuget-project-test-KeqkdG/sdk/dotnet-sdk/dotnet"}
[verification-tool-phase] {"phase":"tool-spawned","pid":14693,"parentPid":13483,"at":1791440607153,"toolPid":14694,"executable":"/private/var/folders/g_/3ydzn7kx5lg9ylq8fd9p_13r0000gn/T/verification-nuget-project-test-KeqkdG/sdk/dotnet-sdk/dotnet"}
[verification-tool-phase] {"phase":"tool-exited","pid":14693,"parentPid":13483,"at":1791440607182,"toolPid":14694,"exitCode":0,"signal":null}
[verification-tool-phase] {"phase":"group-drained","pid":14693,"parentPid":13483,"at":1791440607200,"toolPid":14694}
[verification-tool-phase] {"phase":"monitor-closed","pid":13483,"parentPid":13482,"at":1791440607202,"monitorPid":14693,"exitCode":0,"signal":null}
[verification-test-start] {"pid":13483,"parentPid":13482,"entryFile":"/Users/yuanxi/Workwork/vibe-fs/requirements/verification-system/tests/016.test.mjs","name":"WHAT[verification-system-016] project graph rejects null compile asset map without publishing a restore receipt","fullName":"WHAT[verification-system-016] corrupt graph cases preserve one shared actual Git candidate and own independent restore resources > WHAT[verification-system-016] project graph rejects null compile asset map without publishing a restore receipt"}
[verification-tool-phase] {"phase":"monitor-spawned","pid":13483,"parentPid":13482,"at":1791440607212,"monitorPid":14696,"executable":"/private/var/folders/g_/3ydzn7kx5lg9ylq8fd9p_13r0000gn/T/verification-nuget-project-test-XJedhh/sdk/dotnet-sdk/dotnet"}
[verification-tool-phase] {"phase":"tool-spawned","pid":14696,"parentPid":13483,"at":1791440607240,"toolPid":14697,"executable":"/private/var/folders/g_/3ydzn7kx5lg9ylq8fd9p_13r0000gn/T/verification-nuget-project-test-XJedhh/sdk/dotnet-sdk/dotnet"}
[verification-tool-phase] {"phase":"tool-exited","pid":14696,"parentPid":13483,"at":1791440607711,"toolPid":14697,"exitCode":0,"signal":null}
[verification-tool-phase] {"phase":"group-drained","pid":14696,"parentPid":13483,"at":1791440607732,"toolPid":14697}
[verification-tool-phase] {"phase":"monitor-closed","pid":13483,"parentPid":13482,"at":1791440607734,"monitorPid":14696,"exitCode":0,"signal":null}
[verification-tool-phase] {"phase":"monitor-spawned","pid":13483,"parentPid":13482,"at":1791440607736,"monitorPid":14699,"executable":"/private/var/folders/g_/3ydzn7kx5lg9ylq8fd9p_13r0000gn/T/verification-nuget-project-test-XJedhh/sdk/dotnet-sdk/dotnet"}
[verification-tool-phase] {"phase":"tool-spawned","pid":14699,"parentPid":13483,"at":1791440607765,"toolPid":14700,"executable":"/private/var/folders/g_/3ydzn7kx5lg9ylq8fd9p_13r0000gn/T/verification-nuget-project-test-XJedhh/sdk/dotnet-sdk/dotnet"}
[verification-tool-phase] {"phase":"tool-exited","pid":14699,"parentPid":13483,"at":1791440607790,"toolPid":14700,"exitCode":0,"signal":null}
[verification-tool-phase] {"phase":"group-drained","pid":14699,"parentPid":13483,"at":1791440607807,"toolPid":14700}
[verification-tool-phase] {"phase":"monitor-closed","pid":13483,"parentPid":13482,"at":1791440607808,"monitorPid":14699,"exitCode":0,"signal":null}
[verification-test-start] {"pid":13483,"parentPid":13482,"entryFile":"/Users/yuanxi/Workwork/vibe-fs/requirements/verification-system/tests/016.test.mjs","name":"WHAT[verification-system-016] project graph rejects array runtime asset map without publishing a restore receipt","fullName":"WHAT[verification-system-016] corrupt graph cases preserve one shared actual Git candidate and own independent restore resources > WHAT[verification-system-016] project graph rejects array runtime asset map without publishing a restore receipt"}
[verification-tool-phase] {"phase":"monitor-spawned","pid":13483,"parentPid":13482,"at":1791440607818,"monitorPid":14702,"executable":"/private/var/folders/g_/3ydzn7kx5lg9ylq8fd9p_13r0000gn/T/verification-nuget-project-test-MyfOI4/sdk/dotnet-sdk/dotnet"}
[verification-tool-phase] {"phase":"tool-spawned","pid":14702,"parentPid":13483,"at":1791440607843,"toolPid":14703,"executable":"/private/var/folders/g_/3ydzn7kx5lg9ylq8fd9p_13r0000gn/T/verification-nuget-project-test-MyfOI4/sdk/dotnet-sdk/dotnet"}
[verification-tool-phase] {"phase":"tool-exited","pid":14702,"parentPid":13483,"at":1791440608336,"toolPid":14703,"exitCode":0,"signal":null}
[verification-tool-phase] {"phase":"group-drained","pid":14702,"parentPid":13483,"at":1791440608357,"toolPid":14703}
[verification-tool-phase] {"phase":"monitor-closed","pid":13483,"parentPid":13482,"at":1791440608359,"monitorPid":14702,"exitCode":0,"signal":null}
[verification-tool-phase] {"phase":"monitor-spawned","pid":13483,"parentPid":13482,"at":1791440608360,"monitorPid":14705,"executable":"/private/var/folders/g_/3ydzn7kx5lg9ylq8fd9p_13r0000gn/T/verification-nuget-project-test-MyfOI4/sdk/dotnet-sdk/dotnet"}
[verification-tool-phase] {"phase":"tool-spawned","pid":14705,"parentPid":13483,"at":1791440608389,"toolPid":14706,"executable":"/private/var/folders/g_/3ydzn7kx5lg9ylq8fd9p_13r0000gn/T/verification-nuget-project-test-MyfOI4/sdk/dotnet-sdk/dotnet"}
[verification-tool-phase] {"phase":"tool-exited","pid":14705,"parentPid":13483,"at":1791440608414,"toolPid":14706,"exitCode":0,"signal":null}
[verification-tool-phase] {"phase":"group-drained","pid":14705,"parentPid":13483,"at":1791440608430,"toolPid":14706}
[verification-tool-phase] {"phase":"monitor-closed","pid":13483,"parentPid":13482,"at":1791440608432,"monitorPid":14705,"exitCode":0,"signal":null}
[verification-test-start] {"pid":13483,"parentPid":13482,"entryFile":"/Users/yuanxi/Workwork/vibe-fs/requirements/verification-system/tests/016.test.mjs","name":"WHAT[verification-system-016] project graph rejects null lock framework dependency map without publishing a restore receipt","fullName":"WHAT[verification-system-016] corrupt graph cases preserve one shared actual Git candidate and own independent restore resources > WHAT[verification-system-016] project graph rejects null lock framework dependency map without publishing a restore receipt"}
[verification-tool-phase] {"phase":"monitor-spawned","pid":13483,"parentPid":13482,"at":1791440608441,"monitorPid":14708,"executable":"/private/var/folders/g_/3ydzn7kx5lg9ylq8fd9p_13r0000gn/T/verification-nuget-project-test-5yPgYQ/sdk/dotnet-sdk/dotnet"}
[verification-tool-phase] {"phase":"tool-spawned","pid":14708,"parentPid":13483,"at":1791440608466,"toolPid":14709,"executable":"/private/var/folders/g_/3ydzn7kx5lg9ylq8fd9p_13r0000gn/T/verification-nuget-project-test-5yPgYQ/sdk/dotnet-sdk/dotnet"}
[verification-tool-phase] {"phase":"tool-exited","pid":14708,"parentPid":13483,"at":1791440608933,"toolPid":14709,"exitCode":0,"signal":null}
[verification-tool-phase] {"phase":"group-drained","pid":14708,"parentPid":13483,"at":1791440608951,"toolPid":14709}
[verification-tool-phase] {"phase":"monitor-closed","pid":13483,"parentPid":13482,"at":1791440608952,"monitorPid":14708,"exitCode":0,"signal":null}
[verification-tool-phase] {"phase":"monitor-spawned","pid":13483,"parentPid":13482,"at":1791440608954,"monitorPid":14711,"executable":"/private/var/folders/g_/3ydzn7kx5lg9ylq8fd9p_13r0000gn/T/verification-nuget-project-test-5yPgYQ/sdk/dotnet-sdk/dotnet"}
[verification-tool-phase] {"phase":"tool-spawned","pid":14711,"parentPid":13483,"at":1791440608982,"toolPid":14712,"executable":"/private/var/folders/g_/3ydzn7kx5lg9ylq8fd9p_13r0000gn/T/verification-nuget-project-test-5yPgYQ/sdk/dotnet-sdk/dotnet"}
[verification-tool-phase] {"phase":"tool-exited","pid":14711,"parentPid":13483,"at":1791440609011,"toolPid":14712,"exitCode":0,"signal":null}
[verification-tool-phase] {"phase":"group-drained","pid":14711,"parentPid":13483,"at":1791440609029,"toolPid":14712}
[verification-tool-phase] {"phase":"monitor-closed","pid":13483,"parentPid":13482,"at":1791440609032,"monitorPid":14711,"exitCode":0,"signal":null}
[verification-test-start] {"pid":13483,"parentPid":13482,"entryFile":"/Users/yuanxi/Workwork/vibe-fs/requirements/verification-system/tests/016.test.mjs","name":"WHAT[verification-system-016] project graph rejects array lock framework dependency map without publishing a restore receipt","fullName":"WHAT[verification-system-016] corrupt graph cases preserve one shared actual Git candidate and own independent restore resources > WHAT[verification-system-016] project graph rejects array lock framework dependency map without publishing a restore receipt"}
[verification-tool-phase] {"phase":"monitor-spawned","pid":13483,"parentPid":13482,"at":1791440609044,"monitorPid":14714,"executable":"/private/var/folders/g_/3ydzn7kx5lg9ylq8fd9p_13r0000gn/T/verification-nuget-project-test-1ElxR3/sdk/dotnet-sdk/dotnet"}
[verification-tool-phase] {"phase":"tool-spawned","pid":14714,"parentPid":13483,"at":1791440609072,"toolPid":14715,"executable":"/private/var/folders/g_/3ydzn7kx5lg9ylq8fd9p_13r0000gn/T/verification-nuget-project-test-1ElxR3/sdk/dotnet-sdk/dotnet"}
[verification-tool-phase] {"phase":"tool-exited","pid":14714,"parentPid":13483,"at":1791440609574,"toolPid":14715,"exitCode":0,"signal":null}
[verification-tool-phase] {"phase":"group-drained","pid":14714,"parentPid":13483,"at":1791440609593,"toolPid":14715}
[verification-tool-phase] {"phase":"monitor-closed","pid":13483,"parentPid":13482,"at":1791440609594,"monitorPid":14714,"exitCode":0,"signal":null}
[verification-tool-phase] {"phase":"monitor-spawned","pid":13483,"parentPid":13482,"at":1791440609596,"monitorPid":14717,"executable":"/private/var/folders/g_/3ydzn7kx5lg9ylq8fd9p_13r0000gn/T/verification-nuget-project-test-1ElxR3/sdk/dotnet-sdk/dotnet"}
[verification-tool-phase] {"phase":"tool-spawned","pid":14717,"parentPid":13483,"at":1791440609623,"toolPid":14718,"executable":"/private/var/folders/g_/3ydzn7kx5lg9ylq8fd9p_13r0000gn/T/verification-nuget-project-test-1ElxR3/sdk/dotnet-sdk/dotnet"}
[verification-tool-phase] {"phase":"tool-exited","pid":14717,"parentPid":13483,"at":1791440609650,"toolPid":14718,"exitCode":0,"signal":null}
[verification-tool-phase] {"phase":"group-drained","pid":14717,"parentPid":13483,"at":1791440609666,"toolPid":14718}
[verification-tool-phase] {"phase":"monitor-closed","pid":13483,"parentPid":13482,"at":1791440609667,"monitorPid":14717,"exitCode":0,"signal":null}
[verification-test-start] {"pid":13483,"parentPid":13482,"entryFile":"/Users/yuanxi/Workwork/vibe-fs/requirements/verification-system/tests/016.test.mjs","name":"WHAT[verification-system-016] project graph rejects malformed lock JSON without publishing a restore receipt","fullName":"WHAT[verification-system-016] corrupt graph cases preserve one shared actual Git candidate and own independent restore resources > WHAT[verification-system-016] project graph rejects malformed lock JSON without publishing a restore receipt"}
[verification-tool-phase] {"phase":"monitor-spawned","pid":13483,"parentPid":13482,"at":1791440609676,"monitorPid":14720,"executable":"/private/var/folders/g_/3ydzn7kx5lg9ylq8fd9p_13r0000gn/T/verification-nuget-project-test-uwh7CZ/sdk/dotnet-sdk/dotnet"}
[verification-tool-phase] {"phase":"tool-spawned","pid":14720,"parentPid":13483,"at":1791440609702,"toolPid":14721,"executable":"/private/var/folders/g_/3ydzn7kx5lg9ylq8fd9p_13r0000gn/T/verification-nuget-project-test-uwh7CZ/sdk/dotnet-sdk/dotnet"}
[verification-tool-phase] {"phase":"tool-exited","pid":14720,"parentPid":13483,"at":1791440610957,"toolPid":14721,"exitCode":0,"signal":null}
[verification-tool-phase] {"phase":"group-drained","pid":14720,"parentPid":13483,"at":1791440610976,"toolPid":14721}
[verification-tool-phase] {"phase":"monitor-closed","pid":13483,"parentPid":13482,"at":1791440610978,"monitorPid":14720,"exitCode":0,"signal":null}
[verification-tool-phase] {"phase":"monitor-spawned","pid":13483,"parentPid":13482,"at":1791440610980,"monitorPid":14723,"executable":"/private/var/folders/g_/3ydzn7kx5lg9ylq8fd9p_13r0000gn/T/verification-nuget-project-test-uwh7CZ/sdk/dotnet-sdk/dotnet"}
[verification-tool-phase] {"phase":"tool-spawned","pid":14723,"parentPid":13483,"at":1791440611007,"toolPid":14724,"executable":"/private/var/folders/g_/3ydzn7kx5lg9ylq8fd9p_13r0000gn/T/verification-nuget-project-test-uwh7CZ/sdk/dotnet-sdk/dotnet"}
[verification-tool-phase] {"phase":"tool-exited","pid":14723,"parentPid":13483,"at":1791440611035,"toolPid":14724,"exitCode":0,"signal":null}
[verification-tool-phase] {"phase":"group-drained","pid":14723,"parentPid":13483,"at":1791440611051,"toolPid":14724}
[verification-tool-phase] {"phase":"monitor-closed","pid":13483,"parentPid":13482,"at":1791440611053,"monitorPid":14723,"exitCode":0,"signal":null}
[verification-test-start] {"pid":13483,"parentPid":13482,"entryFile":"/Users/yuanxi/Workwork/vibe-fs/requirements/verification-system/tests/016.test.mjs","name":"WHAT[verification-system-016] project graph rejects malformed assets JSON without publishing a restore receipt","fullName":"WHAT[verification-system-016] corrupt graph cases preserve one shared actual Git candidate and own independent restore resources > WHAT[verification-system-016] project graph rejects malformed assets JSON without publishing a restore receipt"}
[verification-tool-phase] {"phase":"monitor-spawned","pid":13483,"parentPid":13482,"at":1791440611062,"monitorPid":14726,"executable":"/private/var/folders/g_/3ydzn7kx5lg9ylq8fd9p_13r0000gn/T/verification-nuget-project-test-djBY15/sdk/dotnet-sdk/dotnet"}
[verification-tool-phase] {"phase":"tool-spawned","pid":14726,"parentPid":13483,"at":1791440611088,"toolPid":14727,"executable":"/private/var/folders/g_/3ydzn7kx5lg9ylq8fd9p_13r0000gn/T/verification-nuget-project-test-djBY15/sdk/dotnet-sdk/dotnet"}
[verification-tool-phase] {"phase":"tool-exited","pid":14726,"parentPid":13483,"at":1791440611586,"toolPid":14727,"exitCode":0,"signal":null}
[verification-tool-phase] {"phase":"group-drained","pid":14726,"parentPid":13483,"at":1791440611608,"toolPid":14727}
[verification-tool-phase] {"phase":"monitor-closed","pid":13483,"parentPid":13482,"at":1791440611610,"monitorPid":14726,"exitCode":0,"signal":null}
[verification-tool-phase] {"phase":"monitor-spawned","pid":13483,"parentPid":13482,"at":1791440611612,"monitorPid":14729,"executable":"/private/var/folders/g_/3ydzn7kx5lg9ylq8fd9p_13r0000gn/T/verification-nuget-project-test-djBY15/sdk/dotnet-sdk/dotnet"}
[verification-tool-phase] {"phase":"tool-spawned","pid":14729,"parentPid":13483,"at":1791440611640,"toolPid":14730,"executable":"/private/var/folders/g_/3ydzn7kx5lg9ylq8fd9p_13r0000gn/T/verification-nuget-project-test-djBY15/sdk/dotnet-sdk/dotnet"}
[verification-tool-phase] {"phase":"tool-exited","pid":14729,"parentPid":13483,"at":1791440611666,"toolPid":14730,"exitCode":0,"signal":null}
[verification-tool-phase] {"phase":"group-drained","pid":14729,"parentPid":13483,"at":1791440611683,"toolPid":14730}
[verification-tool-phase] {"phase":"monitor-closed","pid":13483,"parentPid":13482,"at":1791440611685,"monitorPid":14729,"exitCode":0,"signal":null}
[verification-test-start] {"pid":13483,"parentPid":13482,"entryFile":"/Users/yuanxi/Workwork/vibe-fs/requirements/verification-system/tests/016.test.mjs","name":"WHAT[verification-system-016] project graph rejects lock contentHash disagreement without publishing a restore receipt","fullName":"WHAT[verification-system-016] corrupt graph cases preserve one shared actual Git candidate and own independent restore resources > WHAT[verification-system-016] project graph rejects lock contentHash disagreement without publishing a restore receipt"}
[verification-tool-phase] {"phase":"monitor-spawned","pid":13483,"parentPid":13482,"at":1791440611695,"monitorPid":14732,"executable":"/private/var/folders/g_/3ydzn7kx5lg9ylq8fd9p_13r0000gn/T/verification-nuget-project-test-7d7Oyw/sdk/dotnet-sdk/dotnet"}
[verification-tool-phase] {"phase":"tool-spawned","pid":14732,"parentPid":13483,"at":1791440611721,"toolPid":14733,"executable":"/private/var/folders/g_/3ydzn7kx5lg9ylq8fd9p_13r0000gn/T/verification-nuget-project-test-7d7Oyw/sdk/dotnet-sdk/dotnet"}
[verification-tool-phase] {"phase":"tool-exited","pid":14732,"parentPid":13483,"at":1791440612217,"toolPid":14733,"exitCode":0,"signal":null}
[verification-tool-phase] {"phase":"group-drained","pid":14732,"parentPid":13483,"at":1791440612239,"toolPid":14733}
[verification-tool-phase] {"phase":"monitor-closed","pid":13483,"parentPid":13482,"at":1791440612240,"monitorPid":14732,"exitCode":0,"signal":null}
[verification-tool-phase] {"phase":"monitor-spawned","pid":13483,"parentPid":13482,"at":1791440612242,"monitorPid":14735,"executable":"/private/var/folders/g_/3ydzn7kx5lg9ylq8fd9p_13r0000gn/T/verification-nuget-project-test-7d7Oyw/sdk/dotnet-sdk/dotnet"}
[verification-tool-phase] {"phase":"tool-spawned","pid":14735,"parentPid":13483,"at":1791440612271,"toolPid":14736,"executable":"/private/var/folders/g_/3ydzn7kx5lg9ylq8fd9p_13r0000gn/T/verification-nuget-project-test-7d7Oyw/sdk/dotnet-sdk/dotnet"}
[verification-tool-phase] {"phase":"tool-exited","pid":14735,"parentPid":13483,"at":1791440612297,"toolPid":14736,"exitCode":0,"signal":null}
[verification-tool-phase] {"phase":"group-drained","pid":14735,"parentPid":13483,"at":1791440612313,"toolPid":14736}
[verification-tool-phase] {"phase":"monitor-closed","pid":13483,"parentPid":13482,"at":1791440612314,"monitorPid":14735,"exitCode":0,"signal":null}
[verification-test-start] {"pid":13483,"parentPid":13482,"entryFile":"/Users/yuanxi/Workwork/vibe-fs/requirements/verification-system/tests/016.test.mjs","name":"WHAT[verification-system-016] project graph rejects raw archive sidecar disagreement without publishing a restore receipt","fullName":"WHAT[verification-system-016] corrupt graph cases preserve one shared actual Git candidate and own independent restore resources > WHAT[verification-system-016] project graph rejects raw archive sidecar disagreement without publishing a restore receipt"}
[verification-tool-phase] {"phase":"monitor-spawned","pid":13483,"parentPid":13482,"at":1791440612323,"monitorPid":14738,"executable":"/private/var/folders/g_/3ydzn7kx5lg9ylq8fd9p_13r0000gn/T/verification-nuget-project-test-sQduB1/sdk/dotnet-sdk/dotnet"}
[verification-tool-phase] {"phase":"tool-spawned","pid":14738,"parentPid":13483,"at":1791440612347,"toolPid":14739,"executable":"/private/var/folders/g_/3ydzn7kx5lg9ylq8fd9p_13r0000gn/T/verification-nuget-project-test-sQduB1/sdk/dotnet-sdk/dotnet"}
[verification-tool-phase] {"phase":"tool-exited","pid":14738,"parentPid":13483,"at":1791440612848,"toolPid":14739,"exitCode":0,"signal":null}
[verification-tool-phase] {"phase":"group-drained","pid":14738,"parentPid":13483,"at":1791440612870,"toolPid":14739}
[verification-tool-phase] {"phase":"monitor-closed","pid":13483,"parentPid":13482,"at":1791440612872,"monitorPid":14738,"exitCode":0,"signal":null}
[verification-tool-phase] {"phase":"monitor-spawned","pid":13483,"parentPid":13482,"at":1791440612874,"monitorPid":14741,"executable":"/private/var/folders/g_/3ydzn7kx5lg9ylq8fd9p_13r0000gn/T/verification-nuget-project-test-sQduB1/sdk/dotnet-sdk/dotnet"}
[verification-tool-phase] {"phase":"tool-spawned","pid":14741,"parentPid":13483,"at":1791440612902,"toolPid":14742,"executable":"/private/var/folders/g_/3ydzn7kx5lg9ylq8fd9p_13r0000gn/T/verification-nuget-project-test-sQduB1/sdk/dotnet-sdk/dotnet"}
[verification-tool-phase] {"phase":"tool-exited","pid":14741,"parentPid":13483,"at":1791440612931,"toolPid":14742,"exitCode":0,"signal":null}
[verification-tool-phase] {"phase":"group-drained","pid":14741,"parentPid":13483,"at":1791440612949,"toolPid":14742}
[verification-tool-phase] {"phase":"monitor-closed","pid":13483,"parentPid":13482,"at":1791440612950,"monitorPid":14741,"exitCode":0,"signal":null}
[verification-test-start] {"pid":13483,"parentPid":13482,"entryFile":"/Users/yuanxi/Workwork/vibe-fs/requirements/verification-system/tests/016.test.mjs","name":"WHAT[verification-system-016] project graph rejects changed restored archive bytes without publishing a restore receipt","fullName":"WHAT[verification-system-016] corrupt graph cases preserve one shared actual Git candidate and own independent restore resources > WHAT[verification-system-016] project graph rejects changed restored archive bytes without publishing a restore receipt"}
[verification-tool-phase] {"phase":"monitor-spawned","pid":13483,"parentPid":13482,"at":1791440612960,"monitorPid":14744,"executable":"/private/var/folders/g_/3ydzn7kx5lg9ylq8fd9p_13r0000gn/T/verification-nuget-project-test-hzdNtD/sdk/dotnet-sdk/dotnet"}
[verification-tool-phase] {"phase":"tool-spawned","pid":14744,"parentPid":13483,"at":1791440612985,"toolPid":14745,"executable":"/private/var/folders/g_/3ydzn7kx5lg9ylq8fd9p_13r0000gn/T/verification-nuget-project-test-hzdNtD/sdk/dotnet-sdk/dotnet"}
[verification-tool-phase] {"phase":"tool-exited","pid":14744,"parentPid":13483,"at":1791440613477,"toolPid":14745,"exitCode":0,"signal":null}
[verification-tool-phase] {"phase":"group-drained","pid":14744,"parentPid":13483,"at":1791440613494,"toolPid":14745}
[verification-tool-phase] {"phase":"monitor-closed","pid":13483,"parentPid":13482,"at":1791440613495,"monitorPid":14744,"exitCode":0,"signal":null}
[verification-tool-phase] {"phase":"monitor-spawned","pid":13483,"parentPid":13482,"at":1791440613497,"monitorPid":14757,"executable":"/private/var/folders/g_/3ydzn7kx5lg9ylq8fd9p_13r0000gn/T/verification-nuget-project-test-hzdNtD/sdk/dotnet-sdk/dotnet"}
[verification-tool-phase] {"phase":"tool-spawned","pid":14757,"parentPid":13483,"at":1791440613522,"toolPid":14758,"executable":"/private/var/folders/g_/3ydzn7kx5lg9ylq8fd9p_13r0000gn/T/verification-nuget-project-test-hzdNtD/sdk/dotnet-sdk/dotnet"}
[verification-tool-phase] {"phase":"tool-exited","pid":14757,"parentPid":13483,"at":1791440613546,"toolPid":14758,"exitCode":0,"signal":null}
[verification-tool-phase] {"phase":"group-drained","pid":14757,"parentPid":13483,"at":1791440613562,"toolPid":14758}
[verification-tool-phase] {"phase":"monitor-closed","pid":13483,"parentPid":13482,"at":1791440613564,"monitorPid":14757,"exitCode":0,"signal":null}
[verification-test-start] {"pid":13483,"parentPid":13482,"entryFile":"/Users/yuanxi/Workwork/vibe-fs/requirements/verification-system/tests/016.test.mjs","name":"WHAT[verification-system-016] project graph rejects missing runtime file without publishing a restore receipt","fullName":"WHAT[verification-system-016] corrupt graph cases preserve one shared actual Git candidate and own independent restore resources > WHAT[verification-system-016] project graph rejects missing runtime file without publishing a restore receipt"}
[verification-tool-phase] {"phase":"monitor-spawned","pid":13483,"parentPid":13482,"at":1791440613573,"monitorPid":14760,"executable":"/private/var/folders/g_/3ydzn7kx5lg9ylq8fd9p_13r0000gn/T/verification-nuget-project-test-891ToN/sdk/dotnet-sdk/dotnet"}
[verification-tool-phase] {"phase":"tool-spawned","pid":14760,"parentPid":13483,"at":1791440613599,"toolPid":14761,"executable":"/private/var/folders/g_/3ydzn7kx5lg9ylq8fd9p_13r0000gn/T/verification-nuget-project-test-891ToN/sdk/dotnet-sdk/dotnet"}
[verification-tool-phase] {"phase":"tool-exited","pid":14760,"parentPid":13483,"at":1791440614098,"toolPid":14761,"exitCode":0,"signal":null}
[verification-tool-phase] {"phase":"group-drained","pid":14760,"parentPid":13483,"at":1791440614121,"toolPid":14761}
[verification-tool-phase] {"phase":"monitor-closed","pid":13483,"parentPid":13482,"at":1791440614123,"monitorPid":14760,"exitCode":0,"signal":null}
[verification-tool-phase] {"phase":"monitor-spawned","pid":13483,"parentPid":13482,"at":1791440614124,"monitorPid":14763,"executable":"/private/var/folders/g_/3ydzn7kx5lg9ylq8fd9p_13r0000gn/T/verification-nuget-project-test-891ToN/sdk/dotnet-sdk/dotnet"}
[verification-tool-phase] {"phase":"tool-spawned","pid":14763,"parentPid":13483,"at":1791440614154,"toolPid":14764,"executable":"/private/var/folders/g_/3ydzn7kx5lg9ylq8fd9p_13r0000gn/T/verification-nuget-project-test-891ToN/sdk/dotnet-sdk/dotnet"}
[verification-tool-phase] {"phase":"tool-exited","pid":14763,"parentPid":13483,"at":1791440614180,"toolPid":14764,"exitCode":0,"signal":null}
[verification-tool-phase] {"phase":"group-drained","pid":14763,"parentPid":13483,"at":1791440614197,"toolPid":14764}
[verification-tool-phase] {"phase":"monitor-closed","pid":13483,"parentPid":13482,"at":1791440614198,"monitorPid":14763,"exitCode":0,"signal":null}
[verification-test-start] {"pid":13483,"parentPid":13482,"entryFile":"/Users/yuanxi/Workwork/vibe-fs/requirements/verification-system/tests/016.test.mjs","name":"WHAT[verification-system-016] project graph rejects foreign package folder without publishing a restore receipt","fullName":"WHAT[verification-system-016] corrupt graph cases preserve one shared actual Git candidate and own independent restore resources > WHAT[verification-system-016] project graph rejects foreign package folder without publishing a restore receipt"}
[verification-tool-phase] {"phase":"monitor-spawned","pid":13483,"parentPid":13482,"at":1791440614207,"monitorPid":14766,"executable":"/private/var/folders/g_/3ydzn7kx5lg9ylq8fd9p_13r0000gn/T/verification-nuget-project-test-axpPir/sdk/dotnet-sdk/dotnet"}
[verification-tool-phase] {"phase":"tool-spawned","pid":14766,"parentPid":13483,"at":1791440614233,"toolPid":14767,"executable":"/private/var/folders/g_/3ydzn7kx5lg9ylq8fd9p_13r0000gn/T/verification-nuget-project-test-axpPir/sdk/dotnet-sdk/dotnet"}
[verification-tool-phase] {"phase":"tool-exited","pid":14766,"parentPid":13483,"at":1791440614805,"toolPid":14767,"exitCode":0,"signal":null}
[verification-tool-phase] {"phase":"group-drained","pid":14766,"parentPid":13483,"at":1791440614826,"toolPid":14767}
[verification-tool-phase] {"phase":"monitor-closed","pid":13483,"parentPid":13482,"at":1791440614828,"monitorPid":14766,"exitCode":0,"signal":null}
[verification-tool-phase] {"phase":"monitor-spawned","pid":13483,"parentPid":13482,"at":1791440614830,"monitorPid":14769,"executable":"/private/var/folders/g_/3ydzn7kx5lg9ylq8fd9p_13r0000gn/T/verification-nuget-project-test-axpPir/sdk/dotnet-sdk/dotnet"}
[verification-tool-phase] {"phase":"tool-spawned","pid":14769,"parentPid":13483,"at":1791440614858,"toolPid":14770,"executable":"/private/var/folders/g_/3ydzn7kx5lg9ylq8fd9p_13r0000gn/T/verification-nuget-project-test-axpPir/sdk/dotnet-sdk/dotnet"}
[verification-tool-phase] {"phase":"tool-exited","pid":14769,"parentPid":13483,"at":1791440614887,"toolPid":14770,"exitCode":0,"signal":null}
[verification-tool-phase] {"phase":"group-drained","pid":14769,"parentPid":13483,"at":1791440614903,"toolPid":14770}
[verification-tool-phase] {"phase":"monitor-closed","pid":13483,"parentPid":13482,"at":1791440614904,"monitorPid":14769,"exitCode":0,"signal":null}
[verification-test-start] {"pid":13483,"parentPid":13482,"entryFile":"/Users/yuanxi/Workwork/vibe-fs/requirements/verification-system/tests/016.test.mjs","name":"WHAT[verification-system-016] project restore rejects an added feed archive changed by the first consumer before starting locked restore","fullName":"WHAT[verification-system-016] project restore rejects an added feed archive changed by the first consumer before starting locked restore"}
[verification-tool-phase] {"phase":"monitor-spawned","pid":13483,"parentPid":13482,"at":1791440615066,"monitorPid":14928,"executable":"/private/var/folders/g_/3ydzn7kx5lg9ylq8fd9p_13r0000gn/T/verification-nuget-project-test-rYR9An/sdk/dotnet-sdk/dotnet"}
[verification-tool-phase] {"phase":"tool-spawned","pid":14928,"parentPid":13483,"at":1791440615091,"toolPid":14929,"executable":"/private/var/folders/g_/3ydzn7kx5lg9ylq8fd9p_13r0000gn/T/verification-nuget-project-test-rYR9An/sdk/dotnet-sdk/dotnet"}
[verification-tool-phase] {"phase":"tool-exited","pid":14928,"parentPid":13483,"at":1791440615602,"toolPid":14929,"exitCode":0,"signal":null}
[verification-tool-phase] {"phase":"group-drained","pid":14928,"parentPid":13483,"at":1791440615623,"toolPid":14929}
[verification-tool-phase] {"phase":"monitor-closed","pid":13483,"parentPid":13482,"at":1791440615624,"monitorPid":14928,"exitCode":0,"signal":null}
[verification-tool-phase] {"phase":"monitor-spawned","pid":13483,"parentPid":13482,"at":1791440615626,"monitorPid":14931,"executable":"/private/var/folders/g_/3ydzn7kx5lg9ylq8fd9p_13r0000gn/T/verification-nuget-project-test-rYR9An/sdk/dotnet-sdk/dotnet"}
[verification-tool-phase] {"phase":"tool-spawned","pid":14931,"parentPid":13483,"at":1791440615657,"toolPid":14932,"executable":"/private/var/folders/g_/3ydzn7kx5lg9ylq8fd9p_13r0000gn/T/verification-nuget-project-test-rYR9An/sdk/dotnet-sdk/dotnet"}
[verification-tool-phase] {"phase":"tool-exited","pid":14931,"parentPid":13483,"at":1791440615688,"toolPid":14932,"exitCode":0,"signal":null}
[verification-tool-phase] {"phase":"group-drained","pid":14931,"parentPid":13483,"at":1791440615705,"toolPid":14932}
[verification-tool-phase] {"phase":"monitor-closed","pid":13483,"parentPid":13482,"at":1791440615707,"monitorPid":14931,"exitCode":0,"signal":null}
[verification-test-start] {"pid":13483,"parentPid":13482,"entryFile":"/Users/yuanxi/Workwork/vibe-fs/requirements/verification-system/tests/016.test.mjs","name":"WHAT[verification-system-016] project restore rejects selected feed bytes changed by the first consumer before starting locked restore","fullName":"WHAT[verification-system-016] project restore rejects selected feed bytes changed by the first consumer before starting locked restore"}
[verification-tool-phase] {"phase":"monitor-spawned","pid":13483,"parentPid":13482,"at":1791440615903,"monitorPid":15090,"executable":"/private/var/folders/g_/3ydzn7kx5lg9ylq8fd9p_13r0000gn/T/verification-nuget-project-test-mIGwHX/sdk/dotnet-sdk/dotnet"}
[verification-tool-phase] {"phase":"tool-spawned","pid":15090,"parentPid":13483,"at":1791440615931,"toolPid":15091,"executable":"/private/var/folders/g_/3ydzn7kx5lg9ylq8fd9p_13r0000gn/T/verification-nuget-project-test-mIGwHX/sdk/dotnet-sdk/dotnet"}
[verification-tool-phase] {"phase":"tool-exited","pid":15090,"parentPid":13483,"at":1791440616490,"toolPid":15091,"exitCode":0,"signal":null}
[verification-tool-phase] {"phase":"group-drained","pid":15090,"parentPid":13483,"at":1791440616506,"toolPid":15091}
[verification-tool-phase] {"phase":"monitor-closed","pid":13483,"parentPid":13482,"at":1791440616508,"monitorPid":15090,"exitCode":0,"signal":null}
[verification-tool-phase] {"phase":"monitor-spawned","pid":13483,"parentPid":13482,"at":1791440616510,"monitorPid":15151,"executable":"/private/var/folders/g_/3ydzn7kx5lg9ylq8fd9p_13r0000gn/T/verification-nuget-project-test-mIGwHX/sdk/dotnet-sdk/dotnet"}
[verification-tool-phase] {"phase":"tool-spawned","pid":15151,"parentPid":13483,"at":1791440616536,"toolPid":15152,"executable":"/private/var/folders/g_/3ydzn7kx5lg9ylq8fd9p_13r0000gn/T/verification-nuget-project-test-mIGwHX/sdk/dotnet-sdk/dotnet"}
[verification-tool-phase] {"phase":"tool-exited","pid":15151,"parentPid":13483,"at":1791440616565,"toolPid":15152,"exitCode":0,"signal":null}
[verification-tool-phase] {"phase":"group-drained","pid":15151,"parentPid":13483,"at":1791440616582,"toolPid":15152}
[verification-tool-phase] {"phase":"monitor-closed","pid":13483,"parentPid":13482,"at":1791440616584,"monitorPid":15151,"exitCode":0,"signal":null}
[verification-test-start] {"pid":13483,"parentPid":13482,"entryFile":"/Users/yuanxi/Workwork/vibe-fs/requirements/verification-system/tests/016.test.mjs","name":"WHAT[verification-system-016] project restore rejects the selected NuGet config changed by the first consumer before starting locked restore","fullName":"WHAT[verification-system-016] project restore rejects the selected NuGet config changed by the first consumer before starting locked restore"}
[verification-tool-phase] {"phase":"monitor-spawned","pid":13483,"parentPid":13482,"at":1791440616749,"monitorPid":15311,"executable":"/private/var/folders/g_/3ydzn7kx5lg9ylq8fd9p_13r0000gn/T/verification-nuget-project-test-Sgocf9/sdk/dotnet-sdk/dotnet"}
[verification-tool-phase] {"phase":"tool-spawned","pid":15311,"parentPid":13483,"at":1791440616774,"toolPid":15312,"executable":"/private/var/folders/g_/3ydzn7kx5lg9ylq8fd9p_13r0000gn/T/verification-nuget-project-test-Sgocf9/sdk/dotnet-sdk/dotnet"}
[verification-tool-phase] {"phase":"tool-exited","pid":15311,"parentPid":13483,"at":1791440617353,"toolPid":15312,"exitCode":0,"signal":null}
[verification-tool-phase] {"phase":"group-drained","pid":15311,"parentPid":13483,"at":1791440617379,"toolPid":15312}
[verification-tool-phase] {"phase":"monitor-closed","pid":13483,"parentPid":13482,"at":1791440617381,"monitorPid":15311,"exitCode":0,"signal":null}
[verification-tool-phase] {"phase":"monitor-spawned","pid":13483,"parentPid":13482,"at":1791440617383,"monitorPid":15314,"executable":"/private/var/folders/g_/3ydzn7kx5lg9ylq8fd9p_13r0000gn/T/verification-nuget-project-test-Sgocf9/sdk/dotnet-sdk/dotnet"}
[verification-tool-phase] {"phase":"tool-spawned","pid":15314,"parentPid":13483,"at":1791440617409,"toolPid":15315,"executable":"/private/var/folders/g_/3ydzn7kx5lg9ylq8fd9p_13r0000gn/T/verification-nuget-project-test-Sgocf9/sdk/dotnet-sdk/dotnet"}
[verification-tool-phase] {"phase":"tool-exited","pid":15314,"parentPid":13483,"at":1791440617435,"toolPid":15315,"exitCode":0,"signal":null}
[verification-tool-phase] {"phase":"group-drained","pid":15314,"parentPid":13483,"at":1791440617452,"toolPid":15315}
[verification-tool-phase] {"phase":"monitor-closed","pid":13483,"parentPid":13482,"at":1791440617453,"monitorPid":15314,"exitCode":0,"signal":null}
[verification-test-start] {"pid":13483,"parentPid":13482,"entryFile":"/Users/yuanxi/Workwork/vibe-fs/requirements/verification-system/tests/016.test.mjs","name":"WHAT[verification-system-016] project restore rejects a Git journal file changed by the first consumer before starting locked restore","fullName":"WHAT[verification-system-016] project restore rejects a Git journal file changed by the first consumer before starting locked restore"}
[verification-tool-phase] {"phase":"monitor-spawned","pid":13483,"parentPid":13482,"at":1791440617609,"monitorPid":15473,"executable":"/private/var/folders/g_/3ydzn7kx5lg9ylq8fd9p_13r0000gn/T/verification-nuget-project-test-dh4fJF/sdk/dotnet-sdk/dotnet"}
[verification-tool-phase] {"phase":"tool-spawned","pid":15473,"parentPid":13483,"at":1791440617633,"toolPid":15474,"executable":"/private/var/folders/g_/3ydzn7kx5lg9ylq8fd9p_13r0000gn/T/verification-nuget-project-test-dh4fJF/sdk/dotnet-sdk/dotnet"}
[verification-tool-phase] {"phase":"tool-exited","pid":15473,"parentPid":13483,"at":1791440618203,"toolPid":15474,"exitCode":0,"signal":null}
[verification-tool-phase] {"phase":"group-drained","pid":15473,"parentPid":13483,"at":1791440618225,"toolPid":15474}
[verification-tool-phase] {"phase":"monitor-closed","pid":13483,"parentPid":13482,"at":1791440618227,"monitorPid":15473,"exitCode":0,"signal":null}
[verification-tool-phase] {"phase":"monitor-spawned","pid":13483,"parentPid":13482,"at":1791440618229,"monitorPid":15476,"executable":"/private/var/folders/g_/3ydzn7kx5lg9ylq8fd9p_13r0000gn/T/verification-nuget-project-test-dh4fJF/sdk/dotnet-sdk/dotnet"}
[verification-tool-phase] {"phase":"tool-spawned","pid":15476,"parentPid":13483,"at":1791440618257,"toolPid":15477,"executable":"/private/var/folders/g_/3ydzn7kx5lg9ylq8fd9p_13r0000gn/T/verification-nuget-project-test-dh4fJF/sdk/dotnet-sdk/dotnet"}
[verification-tool-phase] {"phase":"tool-exited","pid":15476,"parentPid":13483,"at":1791440618289,"toolPid":15477,"exitCode":0,"signal":null}
[verification-tool-phase] {"phase":"group-drained","pid":15476,"parentPid":13483,"at":1791440618306,"toolPid":15477}
[verification-tool-phase] {"phase":"monitor-closed","pid":13483,"parentPid":13482,"at":1791440618307,"monitorPid":15476,"exitCode":0,"signal":null}
[verification-test-start] {"pid":13483,"parentPid":13482,"entryFile":"/Users/yuanxi/Workwork/vibe-fs/requirements/verification-system/tests/016.test.mjs","name":"WHAT[verification-system-016] fresh-cache locked project restore rejects graph change","fullName":"WHAT[verification-system-016] fresh-cache locked project restore rejects graph change"}
[verification-tool-phase] {"phase":"monitor-spawned","pid":13483,"parentPid":13482,"at":1791440618465,"monitorPid":15635,"executable":"/private/var/folders/g_/3ydzn7kx5lg9ylq8fd9p_13r0000gn/T/verification-nuget-project-test-2NPkJe/sdk/dotnet-sdk/dotnet"}
[verification-tool-phase] {"phase":"tool-spawned","pid":15635,"parentPid":13483,"at":1791440618491,"toolPid":15636,"executable":"/private/var/folders/g_/3ydzn7kx5lg9ylq8fd9p_13r0000gn/T/verification-nuget-project-test-2NPkJe/sdk/dotnet-sdk/dotnet"}
[verification-tool-phase] {"phase":"tool-exited","pid":15635,"parentPid":13483,"at":1791440619074,"toolPid":15636,"exitCode":0,"signal":null}
[verification-tool-phase] {"phase":"group-drained","pid":15635,"parentPid":13483,"at":1791440619096,"toolPid":15636}
[verification-tool-phase] {"phase":"monitor-closed","pid":13483,"parentPid":13482,"at":1791440619097,"monitorPid":15635,"exitCode":0,"signal":null}
[verification-tool-phase] {"phase":"monitor-spawned","pid":13483,"parentPid":13482,"at":1791440619099,"monitorPid":15638,"executable":"/private/var/folders/g_/3ydzn7kx5lg9ylq8fd9p_13r0000gn/T/verification-nuget-project-test-2NPkJe/sdk/dotnet-sdk/dotnet"}
[verification-tool-phase] {"phase":"tool-spawned","pid":15638,"parentPid":13483,"at":1791440619127,"toolPid":15639,"executable":"/private/var/folders/g_/3ydzn7kx5lg9ylq8fd9p_13r0000gn/T/verification-nuget-project-test-2NPkJe/sdk/dotnet-sdk/dotnet"}
[verification-tool-phase] {"phase":"tool-exited","pid":15638,"parentPid":13483,"at":1791440619154,"toolPid":15639,"exitCode":0,"signal":null}
[verification-tool-phase] {"phase":"group-drained","pid":15638,"parentPid":13483,"at":1791440619170,"toolPid":15639}
[verification-tool-phase] {"phase":"monitor-closed","pid":13483,"parentPid":13482,"at":1791440619171,"monitorPid":15638,"exitCode":0,"signal":null}
[verification-tool-phase] {"phase":"monitor-spawned","pid":13483,"parentPid":13482,"at":1791440619175,"monitorPid":15641,"executable":"/private/var/folders/g_/3ydzn7kx5lg9ylq8fd9p_13r0000gn/T/verification-nuget-project-test-2NPkJe/sdk/dotnet-sdk/dotnet"}
[verification-tool-phase] {"phase":"tool-spawned","pid":15641,"parentPid":13483,"at":1791440619201,"toolPid":15642,"executable":"/private/var/folders/g_/3ydzn7kx5lg9ylq8fd9p_13r0000gn/T/verification-nuget-project-test-2NPkJe/sdk/dotnet-sdk/dotnet"}
[verification-tool-phase] {"phase":"tool-exited","pid":15641,"parentPid":13483,"at":1791440619226,"toolPid":15642,"exitCode":0,"signal":null}
[verification-tool-phase] {"phase":"group-drained","pid":15641,"parentPid":13483,"at":1791440619242,"toolPid":15642}
[verification-tool-phase] {"phase":"monitor-closed","pid":13483,"parentPid":13482,"at":1791440619244,"monitorPid":15641,"exitCode":0,"signal":null}
[verification-test-start] {"pid":13483,"parentPid":13482,"entryFile":"/Users/yuanxi/Workwork/vibe-fs/requirements/verification-system/tests/016.test.mjs","name":"WHAT[verification-system-016] fresh-cache locked project restore rejects lock byte change","fullName":"WHAT[verification-system-016] fresh-cache locked project restore rejects lock byte change"}
[verification-tool-phase] {"phase":"monitor-spawned","pid":13483,"parentPid":13482,"at":1791440619398,"monitorPid":15800,"executable":"/private/var/folders/g_/3ydzn7kx5lg9ylq8fd9p_13r0000gn/T/verification-nuget-project-test-kRNlCU/sdk/dotnet-sdk/dotnet"}
[verification-tool-phase] {"phase":"tool-spawned","pid":15800,"parentPid":13483,"at":1791440619423,"toolPid":15801,"executable":"/private/var/folders/g_/3ydzn7kx5lg9ylq8fd9p_13r0000gn/T/verification-nuget-project-test-kRNlCU/sdk/dotnet-sdk/dotnet"}
[verification-tool-phase] {"phase":"tool-exited","pid":15800,"parentPid":13483,"at":1791440620020,"toolPid":15801,"exitCode":0,"signal":null}
[verification-tool-phase] {"phase":"group-drained","pid":15800,"parentPid":13483,"at":1791440620042,"toolPid":15801}
[verification-tool-phase] {"phase":"monitor-closed","pid":13483,"parentPid":13482,"at":1791440620044,"monitorPid":15800,"exitCode":0,"signal":null}
[verification-tool-phase] {"phase":"monitor-spawned","pid":13483,"parentPid":13482,"at":1791440620046,"monitorPid":15804,"executable":"/private/var/folders/g_/3ydzn7kx5lg9ylq8fd9p_13r0000gn/T/verification-nuget-project-test-kRNlCU/sdk/dotnet-sdk/dotnet"}
[verification-tool-phase] {"phase":"tool-spawned","pid":15804,"parentPid":13483,"at":1791440620076,"toolPid":15805,"executable":"/private/var/folders/g_/3ydzn7kx5lg9ylq8fd9p_13r0000gn/T/verification-nuget-project-test-kRNlCU/sdk/dotnet-sdk/dotnet"}
[verification-tool-phase] {"phase":"tool-exited","pid":15804,"parentPid":13483,"at":1791440620105,"toolPid":15805,"exitCode":0,"signal":null}
[verification-tool-phase] {"phase":"group-drained","pid":15804,"parentPid":13483,"at":1791440620123,"toolPid":15805}
[verification-tool-phase] {"phase":"monitor-closed","pid":13483,"parentPid":13482,"at":1791440620125,"monitorPid":15804,"exitCode":0,"signal":null}
[verification-tool-phase] {"phase":"monitor-spawned","pid":13483,"parentPid":13482,"at":1791440620129,"monitorPid":15807,"executable":"/private/var/folders/g_/3ydzn7kx5lg9ylq8fd9p_13r0000gn/T/verification-nuget-project-test-kRNlCU/sdk/dotnet-sdk/dotnet"}
[verification-tool-phase] {"phase":"tool-spawned","pid":15807,"parentPid":13483,"at":1791440620154,"toolPid":15808,"executable":"/private/var/folders/g_/3ydzn7kx5lg9ylq8fd9p_13r0000gn/T/verification-nuget-project-test-kRNlCU/sdk/dotnet-sdk/dotnet"}
[verification-tool-phase] {"phase":"tool-exited","pid":15807,"parentPid":13483,"at":1791440620181,"toolPid":15808,"exitCode":0,"signal":null}
[verification-tool-phase] {"phase":"group-drained","pid":15807,"parentPid":13483,"at":1791440620198,"toolPid":15808}
[verification-tool-phase] {"phase":"monitor-closed","pid":13483,"parentPid":13482,"at":1791440620199,"monitorPid":15807,"exitCode":0,"signal":null}
[verification-test-start] {"pid":13483,"parentPid":13482,"entryFile":"/Users/yuanxi/Workwork/vibe-fs/requirements/verification-system/tests/016.test.mjs","name":"WHAT[verification-system-016] fresh-cache locked project restore rejects physical locked restore failure","fullName":"WHAT[verification-system-016] fresh-cache locked project restore rejects physical locked restore failure"}
[verification-tool-phase] {"phase":"monitor-spawned","pid":13483,"parentPid":13482,"at":1791440620356,"monitorPid":15966,"executable":"/private/var/folders/g_/3ydzn7kx5lg9ylq8fd9p_13r0000gn/T/verification-nuget-project-test-snGyw6/sdk/dotnet-sdk/dotnet"}
[verification-tool-phase] {"phase":"tool-spawned","pid":15966,"parentPid":13483,"at":1791440620382,"toolPid":15967,"executable":"/private/var/folders/g_/3ydzn7kx5lg9ylq8fd9p_13r0000gn/T/verification-nuget-project-test-snGyw6/sdk/dotnet-sdk/dotnet"}
[verification-tool-phase] {"phase":"tool-exited","pid":15966,"parentPid":13483,"at":1791440620936,"toolPid":15967,"exitCode":0,"signal":null}
[verification-tool-phase] {"phase":"group-drained","pid":15966,"parentPid":13483,"at":1791440620953,"toolPid":15967}
[verification-tool-phase] {"phase":"monitor-closed","pid":13483,"parentPid":13482,"at":1791440620955,"monitorPid":15966,"exitCode":0,"signal":null}
[verification-tool-phase] {"phase":"monitor-spawned","pid":13483,"parentPid":13482,"at":1791440620957,"monitorPid":15969,"executable":"/private/var/folders/g_/3ydzn7kx5lg9ylq8fd9p_13r0000gn/T/verification-nuget-project-test-snGyw6/sdk/dotnet-sdk/dotnet"}
[verification-tool-phase] {"phase":"tool-spawned","pid":15969,"parentPid":13483,"at":1791440620983,"toolPid":15970,"executable":"/private/var/folders/g_/3ydzn7kx5lg9ylq8fd9p_13r0000gn/T/verification-nuget-project-test-snGyw6/sdk/dotnet-sdk/dotnet"}
[verification-tool-phase] {"phase":"tool-exited","pid":15969,"parentPid":13483,"at":1791440621010,"toolPid":15970,"exitCode":0,"signal":null}
[verification-tool-phase] {"phase":"group-drained","pid":15969,"parentPid":13483,"at":1791440621027,"toolPid":15970}
[verification-tool-phase] {"phase":"monitor-closed","pid":13483,"parentPid":13482,"at":1791440621028,"monitorPid":15969,"exitCode":0,"signal":null}
[verification-tool-phase] {"phase":"monitor-spawned","pid":13483,"parentPid":13482,"at":1791440621033,"monitorPid":15972,"executable":"/private/var/folders/g_/3ydzn7kx5lg9ylq8fd9p_13r0000gn/T/verification-nuget-project-test-snGyw6/sdk/dotnet-sdk/dotnet"}
[verification-tool-phase] {"phase":"tool-spawned","pid":15972,"parentPid":13483,"at":1791440621060,"toolPid":15973,"executable":"/private/var/folders/g_/3ydzn7kx5lg9ylq8fd9p_13r0000gn/T/verification-nuget-project-test-snGyw6/sdk/dotnet-sdk/dotnet"}
[verification-tool-phase] {"phase":"tool-exited","pid":15972,"parentPid":13483,"at":1791440621088,"toolPid":15973,"exitCode":74,"signal":null}
[verification-tool-phase] {"phase":"group-drained","pid":15972,"parentPid":13483,"at":1791440621105,"toolPid":15973}
[verification-tool-phase] {"phase":"monitor-closed","pid":13483,"parentPid":13482,"at":1791440621106,"monitorPid":15972,"exitCode":0,"signal":null}
[verification-test-start] {"pid":13483,"parentPid":13482,"entryFile":"/Users/yuanxi/Workwork/vibe-fs/requirements/verification-system/tests/016.test.mjs","name":"WHAT[verification-system-016] a changed public project root cannot borrow the prepared identity or redirect disposal","fullName":"WHAT[verification-system-016] a changed public project root cannot borrow the prepared identity or redirect disposal"}
[verification-tool-phase] {"phase":"monitor-spawned","pid":13483,"parentPid":13482,"at":1791440621270,"monitorPid":16131,"executable":"/private/var/folders/g_/3ydzn7kx5lg9ylq8fd9p_13r0000gn/T/verification-nuget-project-test-8cPtF7/sdk/dotnet-sdk/dotnet"}
[verification-tool-phase] {"phase":"tool-spawned","pid":16131,"parentPid":13483,"at":1791440621295,"toolPid":16132,"executable":"/private/var/folders/g_/3ydzn7kx5lg9ylq8fd9p_13r0000gn/T/verification-nuget-project-test-8cPtF7/sdk/dotnet-sdk/dotnet"}
[verification-tool-phase] {"phase":"tool-exited","pid":16131,"parentPid":13483,"at":1791440622188,"toolPid":16132,"exitCode":0,"signal":null}
[verification-tool-phase] {"phase":"group-drained","pid":16131,"parentPid":13483,"at":1791440622211,"toolPid":16132}
[verification-tool-phase] {"phase":"monitor-closed","pid":13483,"parentPid":13482,"at":1791440622212,"monitorPid":16131,"exitCode":0,"signal":null}
[verification-tool-phase] {"phase":"monitor-spawned","pid":13483,"parentPid":13482,"at":1791440622214,"monitorPid":16134,"executable":"/private/var/folders/g_/3ydzn7kx5lg9ylq8fd9p_13r0000gn/T/verification-nuget-project-test-8cPtF7/sdk/dotnet-sdk/dotnet"}
[verification-tool-phase] {"phase":"tool-spawned","pid":16134,"parentPid":13483,"at":1791440622244,"toolPid":16135,"executable":"/private/var/folders/g_/3ydzn7kx5lg9ylq8fd9p_13r0000gn/T/verification-nuget-project-test-8cPtF7/sdk/dotnet-sdk/dotnet"}
[verification-tool-phase] {"phase":"tool-exited","pid":16134,"parentPid":13483,"at":1791440622271,"toolPid":16135,"exitCode":0,"signal":null}
[verification-tool-phase] {"phase":"group-drained","pid":16134,"parentPid":13483,"at":1791440622287,"toolPid":16135}
[verification-tool-phase] {"phase":"monitor-closed","pid":13483,"parentPid":13482,"at":1791440622288,"monitorPid":16134,"exitCode":0,"signal":null}
[verification-tool-phase] {"phase":"monitor-spawned","pid":13483,"parentPid":13482,"at":1791440622292,"monitorPid":16137,"executable":"/private/var/folders/g_/3ydzn7kx5lg9ylq8fd9p_13r0000gn/T/verification-nuget-project-test-8cPtF7/sdk/dotnet-sdk/dotnet"}
[verification-tool-phase] {"phase":"tool-spawned","pid":16137,"parentPid":13483,"at":1791440622318,"toolPid":16138,"executable":"/private/var/folders/g_/3ydzn7kx5lg9ylq8fd9p_13r0000gn/T/verification-nuget-project-test-8cPtF7/sdk/dotnet-sdk/dotnet"}
[verification-tool-phase] {"phase":"tool-exited","pid":16137,"parentPid":13483,"at":1791440622343,"toolPid":16138,"exitCode":0,"signal":null}
[verification-tool-phase] {"phase":"group-drained","pid":16137,"parentPid":13483,"at":1791440622358,"toolPid":16138}
[verification-tool-phase] {"phase":"monitor-closed","pid":13483,"parentPid":13482,"at":1791440622360,"monitorPid":16137,"exitCode":0,"signal":null}
[verification-test-start] {"pid":13483,"parentPid":13482,"entryFile":"/Users/yuanxi/Workwork/vibe-fs/requirements/verification-system/tests/016.test.mjs","name":"WHAT[verification-system-016] a changed public project digest cannot claim the original prepared identity","fullName":"WHAT[verification-system-016] a changed public project digest cannot claim the original prepared identity"}
[verification-tool-phase] {"phase":"monitor-spawned","pid":13483,"parentPid":13482,"at":1791440622517,"monitorPid":16296,"executable":"/private/var/folders/g_/3ydzn7kx5lg9ylq8fd9p_13r0000gn/T/verification-nuget-project-test-2RI626/sdk/dotnet-sdk/dotnet"}
[verification-tool-phase] {"phase":"tool-spawned","pid":16296,"parentPid":13483,"at":1791440622542,"toolPid":16297,"executable":"/private/var/folders/g_/3ydzn7kx5lg9ylq8fd9p_13r0000gn/T/verification-nuget-project-test-2RI626/sdk/dotnet-sdk/dotnet"}
[verification-tool-phase] {"phase":"tool-exited","pid":16296,"parentPid":13483,"at":1791440623076,"toolPid":16297,"exitCode":0,"signal":null}
[verification-tool-phase] {"phase":"group-drained","pid":16296,"parentPid":13483,"at":1791440623094,"toolPid":16297}
[verification-tool-phase] {"phase":"monitor-closed","pid":13483,"parentPid":13482,"at":1791440623095,"monitorPid":16296,"exitCode":0,"signal":null}
[verification-tool-phase] {"phase":"monitor-spawned","pid":13483,"parentPid":13482,"at":1791440623097,"monitorPid":16302,"executable":"/private/var/folders/g_/3ydzn7kx5lg9ylq8fd9p_13r0000gn/T/verification-nuget-project-test-2RI626/sdk/dotnet-sdk/dotnet"}
[verification-tool-phase] {"phase":"tool-spawned","pid":16302,"parentPid":13483,"at":1791440623125,"toolPid":16303,"executable":"/private/var/folders/g_/3ydzn7kx5lg9ylq8fd9p_13r0000gn/T/verification-nuget-project-test-2RI626/sdk/dotnet-sdk/dotnet"}
[verification-tool-phase] {"phase":"tool-exited","pid":16302,"parentPid":13483,"at":1791440623154,"toolPid":16303,"exitCode":0,"signal":null}
[verification-tool-phase] {"phase":"group-drained","pid":16302,"parentPid":13483,"at":1791440623171,"toolPid":16303}
[verification-tool-phase] {"phase":"monitor-closed","pid":13483,"parentPid":13482,"at":1791440623173,"monitorPid":16302,"exitCode":0,"signal":null}
[verification-tool-phase] {"phase":"monitor-spawned","pid":13483,"parentPid":13482,"at":1791440623176,"monitorPid":16305,"executable":"/private/var/folders/g_/3ydzn7kx5lg9ylq8fd9p_13r0000gn/T/verification-nuget-project-test-2RI626/sdk/dotnet-sdk/dotnet"}
[verification-tool-phase] {"phase":"tool-spawned","pid":16305,"parentPid":13483,"at":1791440623204,"toolPid":16306,"executable":"/private/var/folders/g_/3ydzn7kx5lg9ylq8fd9p_13r0000gn/T/verification-nuget-project-test-2RI626/sdk/dotnet-sdk/dotnet"}
[verification-tool-phase] {"phase":"tool-exited","pid":16305,"parentPid":13483,"at":1791440623230,"toolPid":16306,"exitCode":0,"signal":null}
[verification-tool-phase] {"phase":"group-drained","pid":16305,"parentPid":13483,"at":1791440623247,"toolPid":16306}
[verification-tool-phase] {"phase":"monitor-closed","pid":13483,"parentPid":13482,"at":1791440623249,"monitorPid":16305,"exitCode":0,"signal":null}
[verification-test-start] {"pid":13483,"parentPid":13482,"entryFile":"/Users/yuanxi/Workwork/vibe-fs/requirements/verification-system/tests/016.test.mjs","name":"WHAT[verification-system-016] a prepared project rejects bytes output identity before further consumption","fullName":"WHAT[verification-system-016] a prepared project rejects bytes output identity before further consumption"}
[verification-tool-phase] {"phase":"monitor-spawned","pid":13483,"parentPid":13482,"at":1791440623433,"monitorPid":16464,"executable":"/private/var/folders/g_/3ydzn7kx5lg9ylq8fd9p_13r0000gn/T/verification-nuget-project-test-wF8g7s/sdk/dotnet-sdk/dotnet"}
[verification-tool-phase] {"phase":"tool-spawned","pid":16464,"parentPid":13483,"at":1791440623460,"toolPid":16465,"executable":"/private/var/folders/g_/3ydzn7kx5lg9ylq8fd9p_13r0000gn/T/verification-nuget-project-test-wF8g7s/sdk/dotnet-sdk/dotnet"}
[verification-tool-phase] {"phase":"tool-exited","pid":16464,"parentPid":13483,"at":1791440624028,"toolPid":16465,"exitCode":0,"signal":null}
[verification-tool-phase] {"phase":"group-drained","pid":16464,"parentPid":13483,"at":1791440624049,"toolPid":16465}
[verification-tool-phase] {"phase":"monitor-closed","pid":13483,"parentPid":13482,"at":1791440624051,"monitorPid":16464,"exitCode":0,"signal":null}
[verification-tool-phase] {"phase":"monitor-spawned","pid":13483,"parentPid":13482,"at":1791440624053,"monitorPid":16467,"executable":"/private/var/folders/g_/3ydzn7kx5lg9ylq8fd9p_13r0000gn/T/verification-nuget-project-test-wF8g7s/sdk/dotnet-sdk/dotnet"}
[verification-tool-phase] {"phase":"tool-spawned","pid":16467,"parentPid":13483,"at":1791440624080,"toolPid":16468,"executable":"/private/var/folders/g_/3ydzn7kx5lg9ylq8fd9p_13r0000gn/T/verification-nuget-project-test-wF8g7s/sdk/dotnet-sdk/dotnet"}
[verification-tool-phase] {"phase":"tool-exited","pid":16467,"parentPid":13483,"at":1791440624105,"toolPid":16468,"exitCode":0,"signal":null}
[verification-tool-phase] {"phase":"group-drained","pid":16467,"parentPid":13483,"at":1791440624122,"toolPid":16468}
[verification-tool-phase] {"phase":"monitor-closed","pid":13483,"parentPid":13482,"at":1791440624123,"monitorPid":16467,"exitCode":0,"signal":null}
[verification-tool-phase] {"phase":"monitor-spawned","pid":13483,"parentPid":13482,"at":1791440624126,"monitorPid":16470,"executable":"/private/var/folders/g_/3ydzn7kx5lg9ylq8fd9p_13r0000gn/T/verification-nuget-project-test-wF8g7s/sdk/dotnet-sdk/dotnet"}
[verification-tool-phase] {"phase":"tool-spawned","pid":16470,"parentPid":13483,"at":1791440624155,"toolPid":16471,"executable":"/private/var/folders/g_/3ydzn7kx5lg9ylq8fd9p_13r0000gn/T/verification-nuget-project-test-wF8g7s/sdk/dotnet-sdk/dotnet"}
[verification-tool-phase] {"phase":"tool-exited","pid":16470,"parentPid":13483,"at":1791440624182,"toolPid":16471,"exitCode":0,"signal":null}
[verification-tool-phase] {"phase":"group-drained","pid":16470,"parentPid":13483,"at":1791440624199,"toolPid":16471}
[verification-tool-phase] {"phase":"monitor-closed","pid":13483,"parentPid":13482,"at":1791440624200,"monitorPid":16470,"exitCode":0,"signal":null}
[verification-test-start] {"pid":13483,"parentPid":13482,"entryFile":"/Users/yuanxi/Workwork/vibe-fs/requirements/verification-system/tests/016.test.mjs","name":"WHAT[verification-system-016] a prepared project rejects mode output identity before further consumption","fullName":"WHAT[verification-system-016] a prepared project rejects mode output identity before further consumption"}
[verification-tool-phase] {"phase":"monitor-spawned","pid":13483,"parentPid":13482,"at":1791440624379,"monitorPid":16629,"executable":"/private/var/folders/g_/3ydzn7kx5lg9ylq8fd9p_13r0000gn/T/verification-nuget-project-test-QqZRbd/sdk/dotnet-sdk/dotnet"}
[verification-tool-phase] {"phase":"tool-spawned","pid":16629,"parentPid":13483,"at":1791440624405,"toolPid":16630,"executable":"/private/var/folders/g_/3ydzn7kx5lg9ylq8fd9p_13r0000gn/T/verification-nuget-project-test-QqZRbd/sdk/dotnet-sdk/dotnet"}
[verification-tool-phase] {"phase":"tool-exited","pid":16629,"parentPid":13483,"at":1791440624982,"toolPid":16630,"exitCode":0,"signal":null}
[verification-tool-phase] {"phase":"group-drained","pid":16629,"parentPid":13483,"at":1791440624999,"toolPid":16630}
[verification-tool-phase] {"phase":"monitor-closed","pid":13483,"parentPid":13482,"at":1791440625001,"monitorPid":16629,"exitCode":0,"signal":null}
[verification-tool-phase] {"phase":"monitor-spawned","pid":13483,"parentPid":13482,"at":1791440625003,"monitorPid":16632,"executable":"/private/var/folders/g_/3ydzn7kx5lg9ylq8fd9p_13r0000gn/T/verification-nuget-project-test-QqZRbd/sdk/dotnet-sdk/dotnet"}
[verification-tool-phase] {"phase":"tool-spawned","pid":16632,"parentPid":13483,"at":1791440625030,"toolPid":16633,"executable":"/private/var/folders/g_/3ydzn7kx5lg9ylq8fd9p_13r0000gn/T/verification-nuget-project-test-QqZRbd/sdk/dotnet-sdk/dotnet"}
[verification-tool-phase] {"phase":"tool-exited","pid":16632,"parentPid":13483,"at":1791440625058,"toolPid":16633,"exitCode":0,"signal":null}
[verification-tool-phase] {"phase":"group-drained","pid":16632,"parentPid":13483,"at":1791440625083,"toolPid":16633}
[verification-tool-phase] {"phase":"monitor-closed","pid":13483,"parentPid":13482,"at":1791440625085,"monitorPid":16632,"exitCode":0,"signal":null}
[verification-tool-phase] {"phase":"monitor-spawned","pid":13483,"parentPid":13482,"at":1791440625089,"monitorPid":16635,"executable":"/private/var/folders/g_/3ydzn7kx5lg9ylq8fd9p_13r0000gn/T/verification-nuget-project-test-QqZRbd/sdk/dotnet-sdk/dotnet"}
[verification-tool-phase] {"phase":"tool-spawned","pid":16635,"parentPid":13483,"at":1791440625114,"toolPid":16636,"executable":"/private/var/folders/g_/3ydzn7kx5lg9ylq8fd9p_13r0000gn/T/verification-nuget-project-test-QqZRbd/sdk/dotnet-sdk/dotnet"}
[verification-tool-phase] {"phase":"tool-exited","pid":16635,"parentPid":13483,"at":1791440625138,"toolPid":16636,"exitCode":0,"signal":null}
[verification-tool-phase] {"phase":"group-drained","pid":16635,"parentPid":13483,"at":1791440625154,"toolPid":16636}
[verification-tool-phase] {"phase":"monitor-closed","pid":13483,"parentPid":13482,"at":1791440625156,"monitorPid":16635,"exitCode":0,"signal":null}
[verification-test-start] {"pid":13483,"parentPid":13482,"entryFile":"/Users/yuanxi/Workwork/vibe-fs/requirements/verification-system/tests/016.test.mjs","name":"WHAT[verification-system-016] a prepared project rejects added output identity before further consumption","fullName":"WHAT[verification-system-016] a prepared project rejects added output identity before further consumption"}
[verification-tool-phase] {"phase":"monitor-spawned","pid":13483,"parentPid":13482,"at":1791440625315,"monitorPid":16795,"executable":"/private/var/folders/g_/3ydzn7kx5lg9ylq8fd9p_13r0000gn/T/verification-nuget-project-test-uRFDZj/sdk/dotnet-sdk/dotnet"}
[verification-tool-phase] {"phase":"tool-spawned","pid":16795,"parentPid":13483,"at":1791440625339,"toolPid":16796,"executable":"/private/var/folders/g_/3ydzn7kx5lg9ylq8fd9p_13r0000gn/T/verification-nuget-project-test-uRFDZj/sdk/dotnet-sdk/dotnet"}
[verification-tool-phase] {"phase":"tool-exited","pid":16795,"parentPid":13483,"at":1791440626028,"toolPid":16796,"exitCode":0,"signal":null}
[verification-tool-phase] {"phase":"group-drained","pid":16795,"parentPid":13483,"at":1791440626050,"toolPid":16796}
[verification-tool-phase] {"phase":"monitor-closed","pid":13483,"parentPid":13482,"at":1791440626052,"monitorPid":16795,"exitCode":0,"signal":null}
[verification-tool-phase] {"phase":"monitor-spawned","pid":13483,"parentPid":13482,"at":1791440626054,"monitorPid":16798,"executable":"/private/var/folders/g_/3ydzn7kx5lg9ylq8fd9p_13r0000gn/T/verification-nuget-project-test-uRFDZj/sdk/dotnet-sdk/dotnet"}
[verification-tool-phase] {"phase":"tool-spawned","pid":16798,"parentPid":13483,"at":1791440626082,"toolPid":16799,"executable":"/private/var/folders/g_/3ydzn7kx5lg9ylq8fd9p_13r0000gn/T/verification-nuget-project-test-uRFDZj/sdk/dotnet-sdk/dotnet"}
[verification-tool-phase] {"phase":"tool-exited","pid":16798,"parentPid":13483,"at":1791440626108,"toolPid":16799,"exitCode":0,"signal":null}
[verification-tool-phase] {"phase":"group-drained","pid":16798,"parentPid":13483,"at":1791440626126,"toolPid":16799}
[verification-tool-phase] {"phase":"monitor-closed","pid":13483,"parentPid":13482,"at":1791440626127,"monitorPid":16798,"exitCode":0,"signal":null}
[verification-tool-phase] {"phase":"monitor-spawned","pid":13483,"parentPid":13482,"at":1791440626131,"monitorPid":16801,"executable":"/private/var/folders/g_/3ydzn7kx5lg9ylq8fd9p_13r0000gn/T/verification-nuget-project-test-uRFDZj/sdk/dotnet-sdk/dotnet"}
[verification-tool-phase] {"phase":"tool-spawned","pid":16801,"parentPid":13483,"at":1791440626157,"toolPid":16803,"executable":"/private/var/folders/g_/3ydzn7kx5lg9ylq8fd9p_13r0000gn/T/verification-nuget-project-test-uRFDZj/sdk/dotnet-sdk/dotnet"}
[verification-tool-phase] {"phase":"tool-exited","pid":16801,"parentPid":13483,"at":1791440626184,"toolPid":16803,"exitCode":0,"signal":null}
[verification-tool-phase] {"phase":"group-drained","pid":16801,"parentPid":13483,"at":1791440626201,"toolPid":16803}
[verification-tool-phase] {"phase":"monitor-closed","pid":13483,"parentPid":13482,"at":1791440626202,"monitorPid":16801,"exitCode":0,"signal":null}
[verification-test-start] {"pid":13483,"parentPid":13482,"entryFile":"/Users/yuanxi/Workwork/vibe-fs/requirements/verification-system/tests/016.test.mjs","name":"WHAT[verification-system-016] a prepared project rejects missing output identity before further consumption","fullName":"WHAT[verification-system-016] a prepared project rejects missing output identity before further consumption"}
[verification-tool-phase] {"phase":"monitor-spawned","pid":13483,"parentPid":13482,"at":1791440626362,"monitorPid":16961,"executable":"/private/var/folders/g_/3ydzn7kx5lg9ylq8fd9p_13r0000gn/T/verification-nuget-project-test-3iMlfv/sdk/dotnet-sdk/dotnet"}
[verification-tool-phase] {"phase":"tool-spawned","pid":16961,"parentPid":13483,"at":1791440626387,"toolPid":16962,"executable":"/private/var/folders/g_/3ydzn7kx5lg9ylq8fd9p_13r0000gn/T/verification-nuget-project-test-3iMlfv/sdk/dotnet-sdk/dotnet"}
[verification-tool-phase] {"phase":"tool-exited","pid":16961,"parentPid":13483,"at":1791440626960,"toolPid":16962,"exitCode":0,"signal":null}
[verification-tool-phase] {"phase":"group-drained","pid":16961,"parentPid":13483,"at":1791440626981,"toolPid":16962}
[verification-tool-phase] {"phase":"monitor-closed","pid":13483,"parentPid":13482,"at":1791440626983,"monitorPid":16961,"exitCode":0,"signal":null}
[verification-tool-phase] {"phase":"monitor-spawned","pid":13483,"parentPid":13482,"at":1791440626985,"monitorPid":16964,"executable":"/private/var/folders/g_/3ydzn7kx5lg9ylq8fd9p_13r0000gn/T/verification-nuget-project-test-3iMlfv/sdk/dotnet-sdk/dotnet"}
[verification-tool-phase] {"phase":"tool-spawned","pid":16964,"parentPid":13483,"at":1791440627012,"toolPid":16965,"executable":"/private/var/folders/g_/3ydzn7kx5lg9ylq8fd9p_13r0000gn/T/verification-nuget-project-test-3iMlfv/sdk/dotnet-sdk/dotnet"}
[verification-tool-phase] {"phase":"tool-exited","pid":16964,"parentPid":13483,"at":1791440627038,"toolPid":16965,"exitCode":0,"signal":null}
[verification-tool-phase] {"phase":"group-drained","pid":16964,"parentPid":13483,"at":1791440627054,"toolPid":16965}
[verification-tool-phase] {"phase":"monitor-closed","pid":13483,"parentPid":13482,"at":1791440627055,"monitorPid":16964,"exitCode":0,"signal":null}
[verification-tool-phase] {"phase":"monitor-spawned","pid":13483,"parentPid":13482,"at":1791440627059,"monitorPid":16967,"executable":"/private/var/folders/g_/3ydzn7kx5lg9ylq8fd9p_13r0000gn/T/verification-nuget-project-test-3iMlfv/sdk/dotnet-sdk/dotnet"}
[verification-tool-phase] {"phase":"tool-spawned","pid":16967,"parentPid":13483,"at":1791440627085,"toolPid":16968,"executable":"/private/var/folders/g_/3ydzn7kx5lg9ylq8fd9p_13r0000gn/T/verification-nuget-project-test-3iMlfv/sdk/dotnet-sdk/dotnet"}
[verification-tool-phase] {"phase":"tool-exited","pid":16967,"parentPid":13483,"at":1791440627111,"toolPid":16968,"exitCode":0,"signal":null}
[verification-tool-phase] {"phase":"group-drained","pid":16967,"parentPid":13483,"at":1791440627127,"toolPid":16968}
[verification-tool-phase] {"phase":"monitor-closed","pid":13483,"parentPid":13482,"at":1791440627129,"monitorPid":16967,"exitCode":0,"signal":null}
[verification-test-start] {"pid":13483,"parentPid":13482,"entryFile":"/Users/yuanxi/Workwork/vibe-fs/requirements/verification-system/tests/016.test.mjs","name":"WHAT[verification-system-016] a changed project parent alias cannot redirect disposal into caller-owned data","fullName":"WHAT[verification-system-016] a changed project parent alias cannot redirect disposal into caller-owned data"}
[verification-tool-phase] {"phase":"monitor-spawned","pid":13483,"parentPid":13482,"at":1791440627287,"monitorPid":17126,"executable":"/private/var/folders/g_/3ydzn7kx5lg9ylq8fd9p_13r0000gn/T/verification-nuget-project-test-wJU2l3/sdk/dotnet-sdk/dotnet"}
[verification-tool-phase] {"phase":"tool-spawned","pid":17126,"parentPid":13483,"at":1791440627313,"toolPid":17127,"executable":"/private/var/folders/g_/3ydzn7kx5lg9ylq8fd9p_13r0000gn/T/verification-nuget-project-test-wJU2l3/sdk/dotnet-sdk/dotnet"}
[verification-tool-phase] {"phase":"tool-exited","pid":17126,"parentPid":13483,"at":1791440627913,"toolPid":17127,"exitCode":0,"signal":null}
[verification-tool-phase] {"phase":"group-drained","pid":17126,"parentPid":13483,"at":1791440627934,"toolPid":17127}
[verification-tool-phase] {"phase":"monitor-closed","pid":13483,"parentPid":13482,"at":1791440627936,"monitorPid":17126,"exitCode":0,"signal":null}
[verification-tool-phase] {"phase":"monitor-spawned","pid":13483,"parentPid":13482,"at":1791440627938,"monitorPid":17129,"executable":"/private/var/folders/g_/3ydzn7kx5lg9ylq8fd9p_13r0000gn/T/verification-nuget-project-test-wJU2l3/sdk/dotnet-sdk/dotnet"}
[verification-tool-phase] {"phase":"tool-spawned","pid":17129,"parentPid":13483,"at":1791440627965,"toolPid":17130,"executable":"/private/var/folders/g_/3ydzn7kx5lg9ylq8fd9p_13r0000gn/T/verification-nuget-project-test-wJU2l3/sdk/dotnet-sdk/dotnet"}
[verification-tool-phase] {"phase":"tool-exited","pid":17129,"parentPid":13483,"at":1791440627990,"toolPid":17130,"exitCode":0,"signal":null}
[verification-tool-phase] {"phase":"group-drained","pid":17129,"parentPid":13483,"at":1791440628006,"toolPid":17130}
[verification-tool-phase] {"phase":"monitor-closed","pid":13483,"parentPid":13482,"at":1791440628007,"monitorPid":17129,"exitCode":0,"signal":null}
[verification-tool-phase] {"phase":"monitor-spawned","pid":13483,"parentPid":13482,"at":1791440628010,"monitorPid":17132,"executable":"/private/var/folders/g_/3ydzn7kx5lg9ylq8fd9p_13r0000gn/T/verification-nuget-project-test-wJU2l3/sdk/dotnet-sdk/dotnet"}
[verification-tool-phase] {"phase":"tool-spawned","pid":17132,"parentPid":13483,"at":1791440628037,"toolPid":17133,"executable":"/private/var/folders/g_/3ydzn7kx5lg9ylq8fd9p_13r0000gn/T/verification-nuget-project-test-wJU2l3/sdk/dotnet-sdk/dotnet"}
[verification-tool-phase] {"phase":"tool-exited","pid":17132,"parentPid":13483,"at":1791440628065,"toolPid":17133,"exitCode":0,"signal":null}
[verification-tool-phase] {"phase":"group-drained","pid":17132,"parentPid":13483,"at":1791440628081,"toolPid":17133}
[verification-tool-phase] {"phase":"monitor-closed","pid":13483,"parentPid":13482,"at":1791440628082,"monitorPid":17132,"exitCode":0,"signal":null}
[verification-test-start] {"pid":13483,"parentPid":13482,"entryFile":"/Users/yuanxi/Workwork/vibe-fs/requirements/verification-system/tests/016.test.mjs","name":"WHAT[verification-system-016] project receipt binds a consistent two-package graph after both actual adapter processes start from empty private caches","fullName":"WHAT[verification-system-016] project receipt binds a consistent two-package graph after both actual adapter processes start from empty private caches"}
[verification-tool-phase] {"phase":"monitor-spawned","pid":13483,"parentPid":13482,"at":1791440628238,"monitorPid":17291,"executable":"/private/var/folders/g_/3ydzn7kx5lg9ylq8fd9p_13r0000gn/T/verification-nuget-project-test-olUeKV/sdk/dotnet-sdk/dotnet"}
[verification-tool-phase] {"phase":"tool-spawned","pid":17291,"parentPid":13483,"at":1791440628263,"toolPid":17292,"executable":"/private/var/folders/g_/3ydzn7kx5lg9ylq8fd9p_13r0000gn/T/verification-nuget-project-test-olUeKV/sdk/dotnet-sdk/dotnet"}
[verification-tool-phase] {"phase":"tool-exited","pid":17291,"parentPid":13483,"at":1791440628871,"toolPid":17292,"exitCode":0,"signal":null}
[verification-tool-phase] {"phase":"group-drained","pid":17291,"parentPid":13483,"at":1791440628892,"toolPid":17292}
[verification-tool-phase] {"phase":"monitor-closed","pid":13483,"parentPid":13482,"at":1791440628894,"monitorPid":17291,"exitCode":0,"signal":null}
[verification-tool-phase] {"phase":"monitor-spawned","pid":13483,"parentPid":13482,"at":1791440628896,"monitorPid":17294,"executable":"/private/var/folders/g_/3ydzn7kx5lg9ylq8fd9p_13r0000gn/T/verification-nuget-project-test-olUeKV/sdk/dotnet-sdk/dotnet"}
[verification-tool-phase] {"phase":"tool-spawned","pid":17294,"parentPid":13483,"at":1791440628922,"toolPid":17295,"executable":"/private/var/folders/g_/3ydzn7kx5lg9ylq8fd9p_13r0000gn/T/verification-nuget-project-test-olUeKV/sdk/dotnet-sdk/dotnet"}
[verification-tool-phase] {"phase":"tool-exited","pid":17294,"parentPid":13483,"at":1791440628948,"toolPid":17295,"exitCode":0,"signal":null}
[verification-tool-phase] {"phase":"group-drained","pid":17294,"parentPid":13483,"at":1791440628964,"toolPid":17295}
[verification-tool-phase] {"phase":"monitor-closed","pid":13483,"parentPid":13482,"at":1791440628965,"monitorPid":17294,"exitCode":0,"signal":null}
[verification-tool-phase] {"phase":"monitor-spawned","pid":13483,"parentPid":13482,"at":1791440628969,"monitorPid":17297,"executable":"/private/var/folders/g_/3ydzn7kx5lg9ylq8fd9p_13r0000gn/T/verification-nuget-project-test-olUeKV/sdk/dotnet-sdk/dotnet"}
[verification-tool-phase] {"phase":"tool-spawned","pid":17297,"parentPid":13483,"at":1791440628993,"toolPid":17298,"executable":"/private/var/folders/g_/3ydzn7kx5lg9ylq8fd9p_13r0000gn/T/verification-nuget-project-test-olUeKV/sdk/dotnet-sdk/dotnet"}
[verification-tool-phase] {"phase":"tool-exited","pid":17297,"parentPid":13483,"at":1791440629017,"toolPid":17298,"exitCode":0,"signal":null}
[verification-tool-phase] {"phase":"group-drained","pid":17297,"parentPid":13483,"at":1791440629033,"toolPid":17298}
[verification-tool-phase] {"phase":"monitor-closed","pid":13483,"parentPid":13482,"at":1791440629035,"monitorPid":17297,"exitCode":0,"signal":null}
[verification-test-start] {"pid":13483,"parentPid":13482,"entryFile":"/Users/yuanxi/Workwork/vibe-fs/requirements/verification-system/tests/016.test.mjs","name":"WHAT[verification-system-016] first restore root replacement cannot authorize deletion of the foreign package cache or locked restore","fullName":"WHAT[verification-system-016] first restore root replacement cannot authorize deletion of the foreign package cache or locked restore"}
[verification-tool-phase] {"phase":"monitor-spawned","pid":13483,"parentPid":13482,"at":1791440629191,"monitorPid":17456,"executable":"/private/var/folders/g_/3ydzn7kx5lg9ylq8fd9p_13r0000gn/T/verification-nuget-project-test-O6CeH7/sdk/dotnet-sdk/dotnet"}
[verification-tool-phase] {"phase":"tool-spawned","pid":17456,"parentPid":13483,"at":1791440629216,"toolPid":17457,"executable":"/private/var/folders/g_/3ydzn7kx5lg9ylq8fd9p_13r0000gn/T/verification-nuget-project-test-O6CeH7/sdk/dotnet-sdk/dotnet"}
[verification-tool-phase] {"phase":"tool-exited","pid":17456,"parentPid":13483,"at":1791440629803,"toolPid":17457,"exitCode":0,"signal":null}
[verification-tool-phase] {"phase":"group-drained","pid":17456,"parentPid":13483,"at":1791440629826,"toolPid":17457}
[verification-tool-phase] {"phase":"monitor-closed","pid":13483,"parentPid":13482,"at":1791440629828,"monitorPid":17456,"exitCode":0,"signal":null}
[verification-tool-phase] {"phase":"monitor-spawned","pid":13483,"parentPid":13482,"at":1791440629830,"monitorPid":17459,"executable":"/private/var/folders/g_/3ydzn7kx5lg9ylq8fd9p_13r0000gn/T/verification-nuget-project-test-O6CeH7/sdk/dotnet-sdk/dotnet"}
[verification-tool-phase] {"phase":"tool-spawned","pid":17459,"parentPid":13483,"at":1791440629858,"toolPid":17460,"executable":"/private/var/folders/g_/3ydzn7kx5lg9ylq8fd9p_13r0000gn/T/verification-nuget-project-test-O6CeH7/sdk/dotnet-sdk/dotnet"}
[verification-tool-phase] {"phase":"tool-exited","pid":17459,"parentPid":13483,"at":1791440629888,"toolPid":17460,"exitCode":0,"signal":null}
[verification-tool-phase] {"phase":"group-drained","pid":17459,"parentPid":13483,"at":1791440629905,"toolPid":17460}
[verification-tool-phase] {"phase":"monitor-closed","pid":13483,"parentPid":13482,"at":1791440629906,"monitorPid":17459,"exitCode":0,"signal":null}
[verification-test-start] {"pid":13483,"parentPid":13482,"entryFile":"/Users/yuanxi/Workwork/vibe-fs/requirements/verification-system/tests/016.test.mjs","name":"WHAT[verification-system-016] prepared NuGet project refuses an exact-copy parent replacement without deleting foreign data","fullName":"WHAT[verification-system-016] prepared NuGet project refuses an exact-copy parent replacement without deleting foreign data"}
[verification-tool-phase] {"phase":"monitor-spawned","pid":13483,"parentPid":13482,"at":1791440630077,"monitorPid":17618,"executable":"/private/var/folders/g_/3ydzn7kx5lg9ylq8fd9p_13r0000gn/T/verification-nuget-project-test-xvLAWG/sdk/dotnet-sdk/dotnet"}
[verification-tool-phase] {"phase":"tool-spawned","pid":17618,"parentPid":13483,"at":1791440630105,"toolPid":17619,"executable":"/private/var/folders/g_/3ydzn7kx5lg9ylq8fd9p_13r0000gn/T/verification-nuget-project-test-xvLAWG/sdk/dotnet-sdk/dotnet"}
[verification-tool-phase] {"phase":"tool-exited","pid":17618,"parentPid":13483,"at":1791440630700,"toolPid":17619,"exitCode":0,"signal":null}
[verification-tool-phase] {"phase":"group-drained","pid":17618,"parentPid":13483,"at":1791440630722,"toolPid":17619}
[verification-tool-phase] {"phase":"monitor-closed","pid":13483,"parentPid":13482,"at":1791440630724,"monitorPid":17618,"exitCode":0,"signal":null}
[verification-tool-phase] {"phase":"monitor-spawned","pid":13483,"parentPid":13482,"at":1791440630726,"monitorPid":17621,"executable":"/private/var/folders/g_/3ydzn7kx5lg9ylq8fd9p_13r0000gn/T/verification-nuget-project-test-xvLAWG/sdk/dotnet-sdk/dotnet"}
[verification-tool-phase] {"phase":"tool-spawned","pid":17621,"parentPid":13483,"at":1791440630755,"toolPid":17622,"executable":"/private/var/folders/g_/3ydzn7kx5lg9ylq8fd9p_13r0000gn/T/verification-nuget-project-test-xvLAWG/sdk/dotnet-sdk/dotnet"}
[verification-tool-phase] {"phase":"tool-exited","pid":17621,"parentPid":13483,"at":1791440630781,"toolPid":17622,"exitCode":0,"signal":null}
[verification-tool-phase] {"phase":"group-drained","pid":17621,"parentPid":13483,"at":1791440630798,"toolPid":17622}
[verification-tool-phase] {"phase":"monitor-closed","pid":13483,"parentPid":13482,"at":1791440630799,"monitorPid":17621,"exitCode":0,"signal":null}
[verification-tool-phase] {"phase":"monitor-spawned","pid":13483,"parentPid":13482,"at":1791440630802,"monitorPid":17624,"executable":"/private/var/folders/g_/3ydzn7kx5lg9ylq8fd9p_13r0000gn/T/verification-nuget-project-test-xvLAWG/sdk/dotnet-sdk/dotnet"}
[verification-tool-phase] {"phase":"tool-spawned","pid":17624,"parentPid":13483,"at":1791440630828,"toolPid":17625,"executable":"/private/var/folders/g_/3ydzn7kx5lg9ylq8fd9p_13r0000gn/T/verification-nuget-project-test-xvLAWG/sdk/dotnet-sdk/dotnet"}
[verification-tool-phase] {"phase":"tool-exited","pid":17624,"parentPid":13483,"at":1791440630855,"toolPid":17625,"exitCode":0,"signal":null}
[verification-tool-phase] {"phase":"group-drained","pid":17624,"parentPid":13483,"at":1791440630873,"toolPid":17625}
[verification-tool-phase] {"phase":"monitor-closed","pid":13483,"parentPid":13482,"at":1791440630874,"monitorPid":17624,"exitCode":0,"signal":null}
[verification-test-start] {"pid":13483,"parentPid":13482,"entryFile":"/Users/yuanxi/Workwork/vibe-fs/requirements/verification-system/tests/016.test.mjs","name":"WHAT[verification-system-016] prepared NuGet project refuses an exact-copy root replacement without deleting foreign data","fullName":"WHAT[verification-system-016] prepared NuGet project refuses an exact-copy root replacement without deleting foreign data"}
[verification-tool-phase] {"phase":"monitor-spawned","pid":13483,"parentPid":13482,"at":1791440631038,"monitorPid":17784,"executable":"/private/var/folders/g_/3ydzn7kx5lg9ylq8fd9p_13r0000gn/T/verification-nuget-project-test-Z5AZwW/sdk/dotnet-sdk/dotnet"}
[verification-tool-phase] {"phase":"tool-spawned","pid":17784,"parentPid":13483,"at":1791440631063,"toolPid":17785,"executable":"/private/var/folders/g_/3ydzn7kx5lg9ylq8fd9p_13r0000gn/T/verification-nuget-project-test-Z5AZwW/sdk/dotnet-sdk/dotnet"}
[verification-tool-phase] {"phase":"tool-exited","pid":17784,"parentPid":13483,"at":1791440631649,"toolPid":17785,"exitCode":0,"signal":null}
[verification-tool-phase] {"phase":"group-drained","pid":17784,"parentPid":13483,"at":1791440631671,"toolPid":17785}
[verification-tool-phase] {"phase":"monitor-closed","pid":13483,"parentPid":13482,"at":1791440631672,"monitorPid":17784,"exitCode":0,"signal":null}
[verification-tool-phase] {"phase":"monitor-spawned","pid":13483,"parentPid":13482,"at":1791440631674,"monitorPid":17787,"executable":"/private/var/folders/g_/3ydzn7kx5lg9ylq8fd9p_13r0000gn/T/verification-nuget-project-test-Z5AZwW/sdk/dotnet-sdk/dotnet"}
[verification-tool-phase] {"phase":"tool-spawned","pid":17787,"parentPid":13483,"at":1791440631703,"toolPid":17788,"executable":"/private/var/folders/g_/3ydzn7kx5lg9ylq8fd9p_13r0000gn/T/verification-nuget-project-test-Z5AZwW/sdk/dotnet-sdk/dotnet"}
[verification-tool-phase] {"phase":"tool-exited","pid":17787,"parentPid":13483,"at":1791440631729,"toolPid":17788,"exitCode":0,"signal":null}
[verification-tool-phase] {"phase":"group-drained","pid":17787,"parentPid":13483,"at":1791440631745,"toolPid":17788}
[verification-tool-phase] {"phase":"monitor-closed","pid":13483,"parentPid":13482,"at":1791440631747,"monitorPid":17787,"exitCode":0,"signal":null}
[verification-tool-phase] {"phase":"monitor-spawned","pid":13483,"parentPid":13482,"at":1791440631750,"monitorPid":17790,"executable":"/private/var/folders/g_/3ydzn7kx5lg9ylq8fd9p_13r0000gn/T/verification-nuget-project-test-Z5AZwW/sdk/dotnet-sdk/dotnet"}
[verification-tool-phase] {"phase":"tool-spawned","pid":17790,"parentPid":13483,"at":1791440631775,"toolPid":17791,"executable":"/private/var/folders/g_/3ydzn7kx5lg9ylq8fd9p_13r0000gn/T/verification-nuget-project-test-Z5AZwW/sdk/dotnet-sdk/dotnet"}
[verification-tool-phase] {"phase":"tool-exited","pid":17790,"parentPid":13483,"at":1791440631799,"toolPid":17791,"exitCode":0,"signal":null}
[verification-tool-phase] {"phase":"group-drained","pid":17790,"parentPid":13483,"at":1791440631816,"toolPid":17791}
[verification-tool-phase] {"phase":"monitor-closed","pid":13483,"parentPid":13482,"at":1791440631817,"monitorPid":17790,"exitCode":0,"signal":null}
[verification-test-start] {"pid":13483,"parentPid":13482,"entryFile":"/Users/yuanxi/Workwork/vibe-fs/requirements/verification-system/tests/016.test.mjs","name":"WHAT[verification-system-016] the prepared Git input revalidates bytes identity of input.txt","fullName":"WHAT[verification-system-016] the prepared Git input revalidates bytes identity of input.txt"}
[verification-test-start] {"pid":13483,"parentPid":13482,"entryFile":"/Users/yuanxi/Workwork/vibe-fs/requirements/verification-system/tests/016.test.mjs","name":"WHAT[verification-system-016] the prepared Git input revalidates mode identity of input.txt","fullName":"WHAT[verification-system-016] the prepared Git input revalidates mode identity of input.txt"}
[verification-test-start] {"pid":13483,"parentPid":13482,"entryFile":"/Users/yuanxi/Workwork/vibe-fs/requirements/verification-system/tests/016.test.mjs","name":"WHAT[verification-system-016] the prepared Git input revalidates missing identity of input.txt","fullName":"WHAT[verification-system-016] the prepared Git input revalidates missing identity of input.txt"}
[verification-test-start] {"pid":13483,"parentPid":13482,"entryFile":"/Users/yuanxi/Workwork/vibe-fs/requirements/verification-system/tests/016.test.mjs","name":"WHAT[verification-system-016] the prepared Git input revalidates bytes identity of .git/HEAD","fullName":"WHAT[verification-system-016] the prepared Git input revalidates bytes identity of .git/HEAD"}
[verification-test-start] {"pid":13483,"parentPid":13482,"entryFile":"/Users/yuanxi/Workwork/vibe-fs/requirements/verification-system/tests/016.test.mjs","name":"WHAT[verification-system-016] the prepared Git input revalidates mode identity of .git/HEAD","fullName":"WHAT[verification-system-016] the prepared Git input revalidates mode identity of .git/HEAD"}
[verification-test-start] {"pid":13483,"parentPid":13482,"entryFile":"/Users/yuanxi/Workwork/vibe-fs/requirements/verification-system/tests/016.test.mjs","name":"WHAT[verification-system-016] the prepared Git input revalidates missing identity of .git/HEAD","fullName":"WHAT[verification-system-016] the prepared Git input revalidates missing identity of .git/HEAD"}
[verification-test-start] {"pid":13483,"parentPid":13482,"entryFile":"/Users/yuanxi/Workwork/vibe-fs/requirements/verification-system/tests/016.test.mjs","name":"WHAT[verification-system-016] the prepared Git input rejects an added ordinary member unselected.txt","fullName":"WHAT[verification-system-016] the prepared Git input rejects an added ordinary member unselected.txt"}
[verification-test-start] {"pid":13483,"parentPid":13482,"entryFile":"/Users/yuanxi/Workwork/vibe-fs/requirements/verification-system/tests/016.test.mjs","name":"WHAT[verification-system-016] the prepared Git input rejects an added ordinary member .git/unselected","fullName":"WHAT[verification-system-016] the prepared Git input rejects an added ordinary member .git/unselected"}
[verification-test-start] {"pid":13483,"parentPid":13482,"entryFile":"/Users/yuanxi/Workwork/vibe-fs/requirements/verification-system/tests/016.test.mjs","name":"WHAT[verification-system-016] a changed public source root cannot borrow the captured Git identity or redirect disposal","fullName":"WHAT[verification-system-016] a changed public source root cannot borrow the captured Git identity or redirect disposal"}
[verification-test-start] {"pid":13483,"parentPid":13482,"entryFile":"/Users/yuanxi/Workwork/vibe-fs/requirements/verification-system/tests/016.test.mjs","name":"WHAT[verification-system-016] prepared Git input disposal reclaims its canonical owned root and preserves the foreign owner after parent link replacement","fullName":"WHAT[verification-system-016] prepared Git input disposal reclaims its canonical owned root and preserves the foreign owner after parent link replacement"}
[verification-test-start] {"pid":13483,"parentPid":13482,"entryFile":"/Users/yuanxi/Workwork/vibe-fs/requirements/verification-system/tests/016.test.mjs","name":"WHAT[verification-system-016] prepared Git input refuses validation and disposal through a replaced canonical parent link","fullName":"WHAT[verification-system-016] prepared Git input refuses validation and disposal through a replaced canonical parent link"}
[verification-test-start] {"pid":13483,"parentPid":13482,"entryFile":"/Users/yuanxi/Workwork/vibe-fs/requirements/verification-system/tests/016.test.mjs","name":"WHAT[verification-system-016] prepared Git input refuses validation and disposal through a replaced ordinary root","fullName":"WHAT[verification-system-016] prepared Git input refuses validation and disposal through a replaced ordinary root"}
[verification-test-start] {"pid":13483,"parentPid":13482,"entryFile":"/Users/yuanxi/Workwork/vibe-fs/requirements/verification-system/tests/016.test.mjs","name":"WHAT[verification-system-016] prepared Git input refuses missing-root disposal when its canonical parent was replaced","fullName":"WHAT[verification-system-016] prepared Git input refuses missing-root disposal when its canonical parent was replaced"}
[verification-test-start] {"pid":13483,"parentPid":13482,"entryFile":"/Users/yuanxi/Workwork/vibe-fs/requirements/verification-system/tests/016.test.mjs","name":"WHAT[verification-system-016] project preparation rejects missing or nonordinary selected path missing.fsproj","fullName":"WHAT[verification-system-016] project preparation rejects missing or nonordinary selected path missing.fsproj"}
[verification-test-start] {"pid":13483,"parentPid":13482,"entryFile":"/Users/yuanxi/Workwork/vibe-fs/requirements/verification-system/tests/016.test.mjs","name":"WHAT[verification-system-016] project preparation rejects missing or nonordinary selected path ../outside.fsproj","fullName":"WHAT[verification-system-016] project preparation rejects missing or nonordinary selected path ../outside.fsproj"}
[verification-test-start] {"pid":13483,"parentPid":13482,"entryFile":"/Users/yuanxi/Workwork/vibe-fs/requirements/verification-system/tests/016.test.mjs","name":"WHAT[verification-system-016] project preparation rejects missing or nonordinary selected path /absolute.fsproj","fullName":"WHAT[verification-system-016] project preparation rejects missing or nonordinary selected path /absolute.fsproj"}
[verification-test-start] {"pid":13483,"parentPid":13482,"entryFile":"/Users/yuanxi/Workwork/vibe-fs/requirements/verification-system/tests/016.test.mjs","name":"WHAT[verification-system-016] project preparation rejects missing or nonordinary selected path src/../src/Fixture.fsproj","fullName":"WHAT[verification-system-016] project preparation rejects missing or nonordinary selected path src/../src/Fixture.fsproj"}
[verification-test-start] {"pid":13483,"parentPid":13482,"entryFile":"/Users/yuanxi/Workwork/vibe-fs/requirements/verification-system/tests/016.test.mjs","name":"WHAT[verification-system-016] project preparation requires the captured Git source digest rather than a changed public claim","fullName":"WHAT[verification-system-016] project preparation requires the captured Git source digest rather than a changed public claim"}
[verification-test-start] {"pid":13483,"parentPid":13482,"entryFile":"/Users/yuanxi/Workwork/vibe-fs/requirements/verification-system/tests/016.test.mjs","name":"WHAT[verification-system-016] project preparation rejects a source containing a symbolic selected project without following its foreign target","fullName":"WHAT[verification-system-016] project preparation rejects a source containing a symbolic selected project without following its foreign target"}
[verification-test-start] {"pid":13483,"parentPid":13482,"entryFile":"/Users/yuanxi/Workwork/vibe-fs/requirements/verification-system/tests/016.test.mjs","name":"WHAT[verification-system-016] project preparation rejects selected archive byte identity mismatch before invoking MSBuild","fullName":"WHAT[verification-system-016] project preparation rejects selected archive byte identity mismatch before invoking MSBuild"}
[verification-test-start] {"pid":13483,"parentPid":13482,"entryFile":"/Users/yuanxi/Workwork/vibe-fs/requirements/verification-system/tests/016.test.mjs","name":"WHAT[verification-system-016] project preparation rejects bytes corruption in the actual tracked source before evaluation","fullName":"WHAT[verification-system-016] project preparation rejects bytes corruption in the actual tracked source before evaluation"}
[verification-test-start] {"pid":13483,"parentPid":13482,"entryFile":"/Users/yuanxi/Workwork/vibe-fs/requirements/verification-system/tests/016.test.mjs","name":"WHAT[verification-system-016] project preparation rejects mode corruption in the actual tracked source before evaluation","fullName":"WHAT[verification-system-016] project preparation rejects mode corruption in the actual tracked source before evaluation"}
[verification-test-start] {"pid":13483,"parentPid":13482,"entryFile":"/Users/yuanxi/Workwork/vibe-fs/requirements/verification-system/tests/016.test.mjs","name":"WHAT[verification-system-016] project preparation rejects missing corruption in the actual tracked source before evaluation","fullName":"WHAT[verification-system-016] project preparation rejects missing corruption in the actual tracked source before evaluation"}
[verification-test-start] {"pid":13483,"parentPid":13482,"entryFile":"/Users/yuanxi/Workwork/vibe-fs/requirements/verification-system/tests/016.test.mjs","name":"WHAT[verification-system-016] project preparation rejects evaluated project references instead of silently restoring a larger graph","fullName":"WHAT[verification-system-016] project preparation rejects evaluated project references instead of silently restoring a larger graph"}
[verification-tool-phase] {"phase":"monitor-spawned","pid":13483,"parentPid":13482,"at":1791440635400,"monitorPid":21546,"executable":"/private/var/folders/g_/3ydzn7kx5lg9ylq8fd9p_13r0000gn/T/verification-nuget-project-test-6AvZEK/sdk/dotnet-sdk/dotnet"}
[verification-tool-phase] {"phase":"tool-spawned","pid":21546,"parentPid":13483,"at":1791440635424,"toolPid":21547,"executable":"/private/var/folders/g_/3ydzn7kx5lg9ylq8fd9p_13r0000gn/T/verification-nuget-project-test-6AvZEK/sdk/dotnet-sdk/dotnet"}
[verification-tool-phase] {"phase":"tool-exited","pid":21546,"parentPid":13483,"at":1791440636023,"toolPid":21547,"exitCode":0,"signal":null}
[verification-tool-phase] {"phase":"group-drained","pid":21546,"parentPid":13483,"at":1791440636045,"toolPid":21547}
[verification-tool-phase] {"phase":"monitor-closed","pid":13483,"parentPid":13482,"at":1791440636046,"monitorPid":21546,"exitCode":0,"signal":null}
[verification-test-start] {"pid":13483,"parentPid":13482,"entryFile":"/Users/yuanxi/Workwork/vibe-fs/requirements/verification-system/tests/016.test.mjs","name":"WHAT[verification-system-016] project preparation rejects evaluated multiple target frameworks","fullName":"WHAT[verification-system-016] project preparation rejects evaluated multiple target frameworks"}
[verification-tool-phase] {"phase":"monitor-spawned","pid":13483,"parentPid":13482,"at":1791440636203,"monitorPid":21705,"executable":"/private/var/folders/g_/3ydzn7kx5lg9ylq8fd9p_13r0000gn/T/verification-nuget-project-test-fgwvex/sdk/dotnet-sdk/dotnet"}
[verification-tool-phase] {"phase":"tool-spawned","pid":21705,"parentPid":13483,"at":1791440636228,"toolPid":21706,"executable":"/private/var/folders/g_/3ydzn7kx5lg9ylq8fd9p_13r0000gn/T/verification-nuget-project-test-fgwvex/sdk/dotnet-sdk/dotnet"}
[verification-tool-phase] {"phase":"tool-exited","pid":21705,"parentPid":13483,"at":1791440636948,"toolPid":21706,"exitCode":0,"signal":null}
[verification-tool-phase] {"phase":"group-drained","pid":21705,"parentPid":13483,"at":1791440636971,"toolPid":21706}
[verification-tool-phase] {"phase":"monitor-closed","pid":13483,"parentPid":13482,"at":1791440636973,"monitorPid":21705,"exitCode":0,"signal":null}
[verification-test-start] {"pid":13483,"parentPid":13482,"entryFile":"/Users/yuanxi/Workwork/vibe-fs/requirements/verification-system/tests/016.test.mjs","name":"WHAT[verification-system-016] project preparation rejects an evaluated project path belonging to a different source entry","fullName":"WHAT[verification-system-016] project preparation rejects an evaluated project path belonging to a different source entry"}
[verification-tool-phase] {"phase":"monitor-spawned","pid":13483,"parentPid":13482,"at":1791440637133,"monitorPid":21865,"executable":"/private/var/folders/g_/3ydzn7kx5lg9ylq8fd9p_13r0000gn/T/verification-nuget-project-test-rqGlaw/sdk/dotnet-sdk/dotnet"}
[verification-tool-phase] {"phase":"tool-spawned","pid":21865,"parentPid":13483,"at":1791440637157,"toolPid":21866,"executable":"/private/var/folders/g_/3ydzn7kx5lg9ylq8fd9p_13r0000gn/T/verification-nuget-project-test-rqGlaw/sdk/dotnet-sdk/dotnet"}
[verification-tool-phase] {"phase":"tool-exited","pid":21865,"parentPid":13483,"at":1791440637620,"toolPid":21866,"exitCode":0,"signal":null}
[verification-tool-phase] {"phase":"group-drained","pid":21865,"parentPid":13483,"at":1791440637638,"toolPid":21866}
[verification-tool-phase] {"phase":"monitor-closed","pid":13483,"parentPid":13482,"at":1791440637640,"monitorPid":21865,"exitCode":0,"signal":null}
[verification-test-start] {"pid":13483,"parentPid":13482,"entryFile":"/Users/yuanxi/Workwork/vibe-fs/requirements/verification-system/tests/016.test.mjs","name":"WHAT[verification-system-016] actual selected project executor failure retains the physical cause and reclaims only owned output","fullName":"WHAT[verification-system-016] actual selected project executor failure retains the physical cause and reclaims only owned output"}
[verification-tool-phase] {"phase":"monitor-spawned","pid":13483,"parentPid":13482,"at":1791440637818,"monitorPid":22024,"executable":"/private/var/folders/g_/3ydzn7kx5lg9ylq8fd9p_13r0000gn/T/verification-nuget-project-test-ByEj13/sdk/dotnet-sdk/dotnet"}
[verification-tool-phase] {"phase":"tool-spawned","pid":22024,"parentPid":13483,"at":1791440637845,"toolPid":22025,"executable":"/private/var/folders/g_/3ydzn7kx5lg9ylq8fd9p_13r0000gn/T/verification-nuget-project-test-ByEj13/sdk/dotnet-sdk/dotnet"}
[verification-tool-phase] {"phase":"tool-exited","pid":22024,"parentPid":13483,"at":1791440638455,"toolPid":22025,"exitCode":0,"signal":null}
[verification-tool-phase] {"phase":"group-drained","pid":22024,"parentPid":13483,"at":1791440638477,"toolPid":22025}
[verification-tool-phase] {"phase":"monitor-closed","pid":13483,"parentPid":13482,"at":1791440638479,"monitorPid":22024,"exitCode":0,"signal":null}
[verification-tool-phase] {"phase":"monitor-spawned","pid":13483,"parentPid":13482,"at":1791440638480,"monitorPid":22027,"executable":"/private/var/folders/g_/3ydzn7kx5lg9ylq8fd9p_13r0000gn/T/verification-nuget-project-test-ByEj13/sdk/dotnet-sdk/dotnet"}
[verification-tool-phase] {"phase":"tool-spawned","pid":22027,"parentPid":13483,"at":1791440638508,"toolPid":22028,"executable":"/private/var/folders/g_/3ydzn7kx5lg9ylq8fd9p_13r0000gn/T/verification-nuget-project-test-ByEj13/sdk/dotnet-sdk/dotnet"}
[verification-tool-phase] {"phase":"tool-exited","pid":22027,"parentPid":13483,"at":1791440638530,"toolPid":22028,"exitCode":73,"signal":null}
[verification-tool-phase] {"phase":"group-drained","pid":22027,"parentPid":13483,"at":1791440638546,"toolPid":22028}
[verification-tool-phase] {"phase":"monitor-closed","pid":13483,"parentPid":13482,"at":1791440638548,"monitorPid":22027,"exitCode":0,"signal":null}
[verification-test-start] {"pid":13483,"parentPid":13482,"entryFile":"/Users/yuanxi/Workwork/vibe-fs/requirements/verification-system/tests/016.test.mjs","name":"WHAT[verification-system-016] early project cancellation preserves Error before reading absent inputs","fullName":"WHAT[verification-system-016] early project cancellation preserves Error before reading absent inputs"}
[verification-test-start] {"pid":13483,"parentPid":13482,"entryFile":"/Users/yuanxi/Workwork/vibe-fs/requirements/verification-system/tests/016.test.mjs","name":"WHAT[verification-system-016] early project cancellation preserves null before reading absent inputs","fullName":"WHAT[verification-system-016] early project cancellation preserves null before reading absent inputs"}
[verification-test-start] {"pid":13483,"parentPid":13482,"entryFile":"/Users/yuanxi/Workwork/vibe-fs/requirements/verification-system/tests/016.test.mjs","name":"WHAT[verification-system-016] held project restore preserves Error cancellation and drains its actual process group","fullName":"WHAT[verification-system-016] held project restore preserves Error cancellation and drains its actual process group"}
[verification-tool-phase] {"phase":"monitor-spawned","pid":13483,"parentPid":13482,"at":1791440639013,"monitorPid":22498,"executable":"/private/var/folders/g_/3ydzn7kx5lg9ylq8fd9p_13r0000gn/T/verification-nuget-project-test-gUIVvG/sdk/dotnet-sdk/dotnet"}
[verification-tool-phase] {"phase":"tool-spawned","pid":22498,"parentPid":13483,"at":1791440639039,"toolPid":22499,"executable":"/private/var/folders/g_/3ydzn7kx5lg9ylq8fd9p_13r0000gn/T/verification-nuget-project-test-gUIVvG/sdk/dotnet-sdk/dotnet"}
[verification-tool-phase] {"phase":"tool-exited","pid":22498,"parentPid":13483,"at":1791440639932,"toolPid":22499,"exitCode":0,"signal":null}
[verification-tool-phase] {"phase":"group-drained","pid":22498,"parentPid":13483,"at":1791440639954,"toolPid":22499}
[verification-tool-phase] {"phase":"monitor-closed","pid":13483,"parentPid":13482,"at":1791440639956,"monitorPid":22498,"exitCode":0,"signal":null}
[verification-tool-phase] {"phase":"monitor-spawned","pid":13483,"parentPid":13482,"at":1791440639958,"monitorPid":22501,"executable":"/private/var/folders/g_/3ydzn7kx5lg9ylq8fd9p_13r0000gn/T/verification-nuget-project-test-gUIVvG/sdk/dotnet-sdk/dotnet"}
[verification-tool-phase] {"phase":"tool-spawned","pid":22501,"parentPid":13483,"at":1791440639986,"toolPid":22502,"executable":"/private/var/folders/g_/3ydzn7kx5lg9ylq8fd9p_13r0000gn/T/verification-nuget-project-test-gUIVvG/sdk/dotnet-sdk/dotnet"}
[verification-tool-phase] {"phase":"tool-exited","pid":22501,"parentPid":13483,"at":1791440640049,"toolPid":22502,"exitCode":null,"signal":"SIGKILL"}
[verification-tool-phase] {"phase":"group-drained","pid":22501,"parentPid":13483,"at":1791440640068,"toolPid":22502}
[verification-tool-phase] {"phase":"monitor-closed","pid":13483,"parentPid":13482,"at":1791440640069,"monitorPid":22501,"exitCode":0,"signal":null}
[verification-test-start] {"pid":13483,"parentPid":13482,"entryFile":"/Users/yuanxi/Workwork/vibe-fs/requirements/verification-system/tests/016.test.mjs","name":"WHAT[verification-system-016] held project restore preserves null cancellation and drains its actual process group","fullName":"WHAT[verification-system-016] held project restore preserves null cancellation and drains its actual process group"}
[verification-tool-phase] {"phase":"monitor-spawned","pid":13483,"parentPid":13482,"at":1791440640221,"monitorPid":22661,"executable":"/private/var/folders/g_/3ydzn7kx5lg9ylq8fd9p_13r0000gn/T/verification-nuget-project-test-VJLaUp/sdk/dotnet-sdk/dotnet"}
[verification-tool-phase] {"phase":"tool-spawned","pid":22661,"parentPid":13483,"at":1791440640245,"toolPid":22662,"executable":"/private/var/folders/g_/3ydzn7kx5lg9ylq8fd9p_13r0000gn/T/verification-nuget-project-test-VJLaUp/sdk/dotnet-sdk/dotnet"}
[verification-tool-phase] {"phase":"tool-exited","pid":22661,"parentPid":13483,"at":1791440641707,"toolPid":22662,"exitCode":0,"signal":null}
[verification-tool-phase] {"phase":"group-drained","pid":22661,"parentPid":13483,"at":1791440641730,"toolPid":22662}
[verification-tool-phase] {"phase":"monitor-closed","pid":13483,"parentPid":13482,"at":1791440641731,"monitorPid":22661,"exitCode":0,"signal":null}
[verification-tool-phase] {"phase":"monitor-spawned","pid":13483,"parentPid":13482,"at":1791440641733,"monitorPid":22665,"executable":"/private/var/folders/g_/3ydzn7kx5lg9ylq8fd9p_13r0000gn/T/verification-nuget-project-test-VJLaUp/sdk/dotnet-sdk/dotnet"}
[verification-tool-phase] {"phase":"tool-spawned","pid":22665,"parentPid":13483,"at":1791440641762,"toolPid":22666,"executable":"/private/var/folders/g_/3ydzn7kx5lg9ylq8fd9p_13r0000gn/T/verification-nuget-project-test-VJLaUp/sdk/dotnet-sdk/dotnet"}
[verification-tool-phase] {"phase":"tool-exited","pid":22665,"parentPid":13483,"at":1791440641815,"toolPid":22666,"exitCode":null,"signal":"SIGKILL"}
[verification-tool-phase] {"phase":"group-drained","pid":22665,"parentPid":13483,"at":1791440641831,"toolPid":22666}
[verification-tool-phase] {"phase":"monitor-closed","pid":13483,"parentPid":13482,"at":1791440641832,"monitorPid":22665,"exitCode":0,"signal":null}
[verification-test-start] {"pid":13483,"parentPid":13482,"entryFile":"/Users/yuanxi/Workwork/vibe-fs/requirements/verification-system/tests/016.test.mjs","name":"WHAT[verification-system-016] malformed Fable admission preserves the public rejected Promise contract","fullName":"WHAT[verification-system-016] malformed Fable admission preserves the public rejected Promise contract"}
[verification-test-start] {"pid":13483,"parentPid":13482,"entryFile":"/Users/yuanxi/Workwork/vibe-fs/requirements/verification-system/tests/016.test.mjs","name":"WHAT[verification-system-016] Fable compilation requires four prepared input owners before publishing an output","fullName":"WHAT[verification-system-016] Fable compilation requires four prepared input owners before publishing an output"}
[verification-test-start] {"pid":13483,"parentPid":13482,"entryFile":"/Users/yuanxi/Workwork/vibe-fs/requirements/verification-system/tests/016.test.mjs","name":"WHAT[verification-system-016] Fable compilation rejects a mismatched source tree before executing","fullName":"WHAT[verification-system-016] Fable compilation rejects a mismatched source tree before executing"}
[verification-test-start] {"pid":13483,"parentPid":13482,"entryFile":"/Users/yuanxi/Workwork/vibe-fs/requirements/verification-system/tests/016.test.mjs","name":"WHAT[verification-system-016] Fable compilation rejects a mismatched source digest before executing","fullName":"WHAT[verification-system-016] Fable compilation rejects a mismatched source digest before executing"}
[verification-test-start] {"pid":13483,"parentPid":13482,"entryFile":"/Users/yuanxi/Workwork/vibe-fs/requirements/verification-system/tests/016.test.mjs","name":"WHAT[verification-system-016] Fable compilation rejects a mismatched project SDK before executing","fullName":"WHAT[verification-system-016] Fable compilation rejects a mismatched project SDK before executing"}
[verification-test-start] {"pid":13483,"parentPid":13482,"entryFile":"/Users/yuanxi/Workwork/vibe-fs/requirements/verification-system/tests/016.test.mjs","name":"WHAT[verification-system-016] Fable compilation rejects a mismatched tools SDK before executing","fullName":"WHAT[verification-system-016] Fable compilation rejects a mismatched tools SDK before executing"}
[verification-test-start] {"pid":13483,"parentPid":13482,"entryFile":"/Users/yuanxi/Workwork/vibe-fs/requirements/verification-system/tests/016.test.mjs","name":"WHAT[verification-system-016] Fable compilation rejects a mismatched original global before executing","fullName":"WHAT[verification-system-016] Fable compilation rejects a mismatched original global before executing"}
[verification-test-start] {"pid":13483,"parentPid":13482,"entryFile":"/Users/yuanxi/Workwork/vibe-fs/requirements/verification-system/tests/016.test.mjs","name":"WHAT[verification-system-016] Fable compilation rejects a mismatched original tool manifest before executing","fullName":"WHAT[verification-system-016] Fable compilation rejects a mismatched original tool manifest before executing"}
[verification-test-start] {"pid":13483,"parentPid":13482,"entryFile":"/Users/yuanxi/Workwork/vibe-fs/requirements/verification-system/tests/016.test.mjs","name":"WHAT[verification-system-016] Fable compilation rejects a missing selected Fable role before executing","fullName":"WHAT[verification-system-016] Fable compilation rejects a missing selected Fable role before executing"}
[verification-test-start] {"pid":13483,"parentPid":13482,"entryFile":"/Users/yuanxi/Workwork/vibe-fs/requirements/verification-system/tests/016.test.mjs","name":"WHAT[verification-system-016] Fable compilation rejects a duplicate selected Fable role before executing","fullName":"WHAT[verification-system-016] Fable compilation rejects a duplicate selected Fable role before executing"}
[verification-test-start] {"pid":13483,"parentPid":13482,"entryFile":"/Users/yuanxi/Workwork/vibe-fs/requirements/verification-system/tests/016.test.mjs","name":"WHAT[verification-system-016] Fable compilation rejects a foreign selected Fable role before executing","fullName":"WHAT[verification-system-016] Fable compilation rejects a foreign selected Fable role before executing"}
[verification-test-start] {"pid":13483,"parentPid":13482,"entryFile":"/Users/yuanxi/Workwork/vibe-fs/requirements/verification-system/tests/016.test.mjs","name":"WHAT[verification-system-016] selected Fable compilation preserves caller inputs and binds the seeded private output inventory","fullName":"WHAT[verification-system-016] selected Fable compilation preserves caller inputs and binds the seeded private output inventory"}
[verification-tool-phase] {"phase":"monitor-spawned","pid":13483,"parentPid":13482,"at":1791440643410,"monitorPid":24241,"executable":"/private/var/folders/g_/3ydzn7kx5lg9ylq8fd9p_13r0000gn/T/verification-fable-project-test-vRDSFe/sdk/dotnet-sdk/dotnet"}
[verification-tool-phase] {"phase":"tool-spawned","pid":24241,"parentPid":13483,"at":1791440643437,"toolPid":24242,"executable":"/private/var/folders/g_/3ydzn7kx5lg9ylq8fd9p_13r0000gn/T/verification-fable-project-test-vRDSFe/sdk/dotnet-sdk/dotnet"}
[verification-tool-phase] {"phase":"tool-exited","pid":24241,"parentPid":13483,"at":1791440644014,"toolPid":24242,"exitCode":0,"signal":null}
[verification-tool-phase] {"phase":"group-drained","pid":24241,"parentPid":13483,"at":1791440644036,"toolPid":24242}
[verification-tool-phase] {"phase":"monitor-closed","pid":13483,"parentPid":13482,"at":1791440644038,"monitorPid":24241,"exitCode":0,"signal":null}
[verification-test-start] {"pid":13483,"parentPid":13482,"entryFile":"/Users/yuanxi/Workwork/vibe-fs/requirements/verification-system/tests/016.test.mjs","name":"WHAT[verification-system-016] Fable compilation rejects empty JavaScript output without publication","fullName":"WHAT[verification-system-016] Fable compilation rejects empty JavaScript output without publication"}
[verification-tool-phase] {"phase":"monitor-spawned","pid":13483,"parentPid":13482,"at":1791440644210,"monitorPid":24400,"executable":"/private/var/folders/g_/3ydzn7kx5lg9ylq8fd9p_13r0000gn/T/verification-fable-project-test-2FkffZ/sdk/dotnet-sdk/dotnet"}
[verification-tool-phase] {"phase":"tool-spawned","pid":24400,"parentPid":13483,"at":1791440644235,"toolPid":24401,"executable":"/private/var/folders/g_/3ydzn7kx5lg9ylq8fd9p_13r0000gn/T/verification-fable-project-test-2FkffZ/sdk/dotnet-sdk/dotnet"}
[verification-tool-phase] {"phase":"tool-exited","pid":24400,"parentPid":13483,"at":1791440644924,"toolPid":24401,"exitCode":0,"signal":null}
[verification-tool-phase] {"phase":"group-drained","pid":24400,"parentPid":13483,"at":1791440644946,"toolPid":24401}
[verification-tool-phase] {"phase":"monitor-closed","pid":13483,"parentPid":13482,"at":1791440644948,"monitorPid":24400,"exitCode":0,"signal":null}
[verification-test-start] {"pid":13483,"parentPid":13482,"entryFile":"/Users/yuanxi/Workwork/vibe-fs/requirements/verification-system/tests/016.test.mjs","name":"WHAT[verification-system-016] Fable compilation rejects linked JavaScript output without publication","fullName":"WHAT[verification-system-016] Fable compilation rejects linked JavaScript output without publication"}
[verification-tool-phase] {"phase":"monitor-spawned","pid":13483,"parentPid":13482,"at":1791440645118,"monitorPid":24560,"executable":"/private/var/folders/g_/3ydzn7kx5lg9ylq8fd9p_13r0000gn/T/verification-fable-project-test-a9xHfh/sdk/dotnet-sdk/dotnet"}
[verification-tool-phase] {"phase":"tool-spawned","pid":24560,"parentPid":13483,"at":1791440645142,"toolPid":24561,"executable":"/private/var/folders/g_/3ydzn7kx5lg9ylq8fd9p_13r0000gn/T/verification-fable-project-test-a9xHfh/sdk/dotnet-sdk/dotnet"}
[verification-tool-phase] {"phase":"tool-exited","pid":24560,"parentPid":13483,"at":1791440645699,"toolPid":24561,"exitCode":0,"signal":null}
[verification-tool-phase] {"phase":"group-drained","pid":24560,"parentPid":13483,"at":1791440645721,"toolPid":24561}
[verification-tool-phase] {"phase":"monitor-closed","pid":13483,"parentPid":13482,"at":1791440645723,"monitorPid":24560,"exitCode":0,"signal":null}
[verification-test-start] {"pid":13483,"parentPid":13482,"entryFile":"/Users/yuanxi/Workwork/vibe-fs/requirements/verification-system/tests/016.test.mjs","name":"WHAT[verification-system-016] Fable process failure retains its physical cause and reclaims only compile output","fullName":"WHAT[verification-system-016] Fable process failure retains its physical cause and reclaims only compile output"}
[verification-tool-phase] {"phase":"monitor-spawned","pid":13483,"parentPid":13482,"at":1791440645894,"monitorPid":24719,"executable":"/private/var/folders/g_/3ydzn7kx5lg9ylq8fd9p_13r0000gn/T/verification-fable-project-test-aspwTy/sdk/dotnet-sdk/dotnet"}
[verification-tool-phase] {"phase":"tool-spawned","pid":24719,"parentPid":13483,"at":1791440645918,"toolPid":24720,"executable":"/private/var/folders/g_/3ydzn7kx5lg9ylq8fd9p_13r0000gn/T/verification-fable-project-test-aspwTy/sdk/dotnet-sdk/dotnet"}
[verification-tool-phase] {"phase":"tool-exited","pid":24719,"parentPid":13483,"at":1791440646492,"toolPid":24720,"exitCode":73,"signal":null}
[verification-tool-phase] {"phase":"group-drained","pid":24719,"parentPid":13483,"at":1791440646513,"toolPid":24720}
[verification-tool-phase] {"phase":"monitor-closed","pid":13483,"parentPid":13482,"at":1791440646515,"monitorPid":24719,"exitCode":0,"signal":null}
[verification-test-start] {"pid":13483,"parentPid":13482,"entryFile":"/Users/yuanxi/Workwork/vibe-fs/requirements/verification-system/tests/016.test.mjs","name":"WHAT[verification-system-016] early Fable cancellation preserves Error without reading absent owners","fullName":"WHAT[verification-system-016] early Fable cancellation preserves Error without reading absent owners"}
[verification-test-start] {"pid":13483,"parentPid":13482,"entryFile":"/Users/yuanxi/Workwork/vibe-fs/requirements/verification-system/tests/016.test.mjs","name":"WHAT[verification-system-016] early Fable cancellation preserves null without reading absent owners","fullName":"WHAT[verification-system-016] early Fable cancellation preserves null without reading absent owners"}
[verification-test-start] {"pid":13483,"parentPid":13482,"entryFile":"/Users/yuanxi/Workwork/vibe-fs/requirements/verification-system/tests/016.test.mjs","name":"WHAT[verification-system-016] compilation rejects source input changed by the actual selected consumer without publication","fullName":"WHAT[verification-system-016] compilation rejects source input changed by the actual selected consumer without publication"}
[verification-tool-phase] {"phase":"monitor-spawned","pid":13483,"parentPid":13482,"at":1791440646687,"monitorPid":24879,"executable":"/private/var/folders/g_/3ydzn7kx5lg9ylq8fd9p_13r0000gn/T/verification-fable-project-test-48rXCX/sdk/dotnet-sdk/dotnet"}
[verification-tool-phase] {"phase":"tool-spawned","pid":24879,"parentPid":13483,"at":1791440646711,"toolPid":24880,"executable":"/private/var/folders/g_/3ydzn7kx5lg9ylq8fd9p_13r0000gn/T/verification-fable-project-test-48rXCX/sdk/dotnet-sdk/dotnet"}
[verification-tool-phase] {"phase":"tool-exited","pid":24879,"parentPid":13483,"at":1791440647308,"toolPid":24880,"exitCode":0,"signal":null}
[verification-tool-phase] {"phase":"group-drained","pid":24879,"parentPid":13483,"at":1791440647330,"toolPid":24880}
[verification-tool-phase] {"phase":"monitor-closed","pid":13483,"parentPid":13482,"at":1791440647332,"monitorPid":24879,"exitCode":0,"signal":null}
[verification-test-start] {"pid":13483,"parentPid":13482,"entryFile":"/Users/yuanxi/Workwork/vibe-fs/requirements/verification-system/tests/016.test.mjs","name":"WHAT[verification-system-016] compilation rejects sdk input changed by the actual selected consumer without publication","fullName":"WHAT[verification-system-016] compilation rejects sdk input changed by the actual selected consumer without publication"}
[verification-tool-phase] {"phase":"monitor-spawned","pid":13483,"parentPid":13482,"at":1791440647501,"monitorPid":25038,"executable":"/private/var/folders/g_/3ydzn7kx5lg9ylq8fd9p_13r0000gn/T/verification-fable-project-test-kxRpxn/sdk/dotnet-sdk/dotnet"}
[verification-tool-phase] {"phase":"tool-spawned","pid":25038,"parentPid":13483,"at":1791440647526,"toolPid":25039,"executable":"/private/var/folders/g_/3ydzn7kx5lg9ylq8fd9p_13r0000gn/T/verification-fable-project-test-kxRpxn/sdk/dotnet-sdk/dotnet"}
supplemental:verification016: suite exceeded the 300000ms physical backstop
supplemental:verification016: file streams: 0 drained, 1 active, 0 queued
supplemental:verification016: active file requirements/verification-system/tests/016.test.mjs; waiting for stream drain; last verdict: test:pass:WHAT[verification-system-016] compilation rejects source input changed by the actual selected consumer without publication
supplemental:verification016: worker cost {"version":1,"entryFile":"/Users/yuanxi/Workwork/vibe-fs/requirements/verification-system/tests/016.test.mjs","enabled":true,"pid":13483,"status":"missing","reason":"Exit observation not received","preImport":{"version":1,"phase":"pre-import","sequence":0,"entryFile":"/Users/yuanxi/Workwork/vibe-fs/requirements/verification-system/tests/016.test.mjs","pid":13483,"parentPid":13482,"monotonicMs":16.130917,"cpuUserMicros":21338,"cpuSystemMicros":4046},"exit":null,"interval":null}
supplemental:verification016: last runtime test start {"name":"WHAT[verification-system-016] compilation rejects source input changed by the actual selected consumer without publication","file":"/Users/yuanxi/Workwork/vibe-fs/requirements/verification-system/tests/support/fable-project-tests.mjs","entryFile":"/Users/yuanxi/Workwork/vibe-fs/requirements/verification-system/tests/016.test.mjs","line":304,"column":5,"nesting":0,"pid":13482,"parentPid":13430}
supplemental:verification016: post-exit group verification/reclamation: pid=13482; elapsedMs=15.913; accepted=true

supplemental:verification016: verdict counts unavailable; no authoritative summary; 0/1 planned file(s) completed
Error: supplemental:verification016: supervised suite failed (exit 1)
    at fail (file:///Users/yuanxi/Workwork/vibe-fs/requirements/verification-system/tests/e2e/support/supervise-node-test.mjs:258:25)
    at superviseOwnedNodeTest (file:///Users/yuanxi/Workwork/vibe-fs/requirements/verification-system/tests/e2e/support/supervise-node-test.mjs:490:22)
    at async superviseNodeTest (file:///Users/yuanxi/Workwork/vibe-fs/requirements/verification-system/tests/e2e/support/supervise-node-test.mjs:235:14)
    at async file:///private/tmp/vibe-fs-oct8-alias-release/run-supplemental-integration.mjs:27:3
